level,old_K,new_K,delta_K
1,1.25,1.25,0.0
2,1.2501016105268505,1.2501016105268505,0.0
3,1.2504013615810599,1.2504013615810599,0.0
4,1.2508916323731138,1.2508916323731138,0.0
5,1.2515648021134989,1.2515648021134989,0.0
6,1.2524132500127014,1.2524132500127014,0.0
7,1.2534293552812072,1.2534293552812072,0.0
8,1.2546054971295026,1.2546054971295026,0.0
9,1.255934054768074,1.255934054768074,0.0
10,1.2574074074074073,1.2574074074074073,0.0
11,1.2590179342579892,1.2590179342579892,0.0
12,1.2607580145303054,1.2607580145303054,0.0
13,1.2626200274348423,1.2626200274348423,0.0
14,1.264596352182086,1.264596352182086,0.0
15,1.266679367982523,1.266679367982523,0.0
16,1.2688614540466392,1.2688614540466392,0.0
17,1.271134989584921,1.271134989584921,0.0
18,1.2734923538078544,1.2734923538078544,0.0
19,1.275925925925926,1.275925925925926,0.0
20,1.2784280851496215,1.2784280851496215,0.0
21,1.2809912106894275,1.2809912106894275,0.0
22,1.28360768175583,1.28360768175583,0.0
23,1.286269877559315,1.286269877559315,0.0
24,1.2889701773103694,1.2889701773103694,0.0
25,1.2917009602194787,1.2917009602194787,0.0
26,1.2944546054971295,1.2944546054971295,0.0
27,1.297223492353808,1.297223492353808,0.0
28,1.3,1.3,0.0
29,1.3027765076461921,1.3027765076461921,0.0
30,1.3055453945028705,1.3055453945028705,0.0
31,1.3082990397805214,1.3082990397805214,0.0
32,1.3110298226896306,1.3110298226896306,0.0
33,1.313730122440685,1.313730122440685,0.0
34,1.3163923182441701,1.3163923182441701,0.0
35,1.3190087893105726,1.3190087893105726,0.0
36,1.3215719148503786,1.3215719148503786,0.0
37,1.3240740740740742,1.3240740740740742,0.0
38,1.3265076461921457,1.3265076461921457,0.0
39,1.328865010415079,1.328865010415079,0.0
40,1.331138545953361,1.331138545953361,0.0
41,1.333320632017477,1.333320632017477,0.0
42,1.335403647817914,1.335403647817914,0.0
43,1.3373799725651578,1.3373799725651578,0.0
44,1.3392419854696946,1.3392419854696946,0.0
45,1.3409820657420108,1.3409820657420108,0.0
46,1.3425925925925926,1.3425925925925926,0.0
47,1.3440659452319261,1.3440659452319261,0.0
48,1.3453945028704974,1.3453945028704974,0.0
49,1.3465706447187928,1.3465706447187928,0.0
50,1.3475867499872989,1.3475867499872989,0.0
51,1.348435197886501,1.348435197886501,0.0
52,1.3491083676268862,1.3491083676268862,0.0
53,1.3495986384189402,1.3495986384189402,0.0
54,1.3498983894731496,1.3498983894731496,0.0
55,1.35,1.35,0.0
56,1.3968,1.3968,0.0
57,1.5084000000000002,1.5084000000000002,0.0
58,1.6416,1.6416,0.0
59,1.7532,1.7532,0.0
60,1.8,1.8,0.0
61,1.9248,1.8924,-0.032399999999999984
62,2.2224000000000004,2.1432,-0.07920000000000016
63,2.5776,2.5128,-0.06479999999999997
64,2.8752000000000004,2.9616000000000002,0.08639999999999981
65,3.0,3.45,0.4500000000000002
66,3.104,3.9383999999999997,0.8343999999999996
67,3.3520000000000003,4.3872,1.0351999999999997
68,3.6479999999999997,4.7568,1.1088000000000005
69,3.896,5.0076,1.1116000000000001
70,4.0,5.1,1.0999999999999996
71,4.0056,5.1056,1.0999999999999996
72,4.0208,5.1208,1.0999999999999996
73,4.0432,5.143199999999999,1.0999999999999996
74,4.0704,5.1704,1.0999999999999996
75,4.1,5.199999999999999,1.0999999999999996
76,4.1296,5.2296,1.0999999999999996
77,4.1568000000000005,5.2568,1.0999999999999996
78,4.1792,5.2791999999999994,1.0999999999999996
79,4.1944,5.2943999999999996,1.0999999999999996
80,4.2,5.3,1.0999999999999996
81,4.2196,5.3111999999999995,1.0915999999999997
82,4.2728,5.3416,1.0687999999999995
83,4.3512,5.3864,1.0351999999999997
84,4.446400000000001,5.4408,0.9943999999999997
85,4.550000000000001,5.5,0.9499999999999993
86,4.6536,5.5592,0.9055999999999997
87,4.7488,5.6136,0.8647999999999998
88,4.8272,5.6584,0.8311999999999999
89,4.8804,5.6888000000000005,0.8084000000000007
90,4.9,5.7,0.7999999999999998
91,4.903429355281207,5.703429355281207,0.7999999999999998
92,4.912620027434842,5.712620027434842,0.7999999999999998
93,4.9259259259259265,5.725925925925926,0.7999999999999998
94,4.941700960219479,5.741700960219479,0.7999999999999998
95,4.958299039780521,5.758299039780521,0.7999999999999998
96,4.974074074074074,5.774074074074074,0.7999999999999998
97,4.987379972565158,5.787379972565158,0.7999999999999998
98,4.996570644718793,5.796570644718793,0.7999999999999998
99,5.0,5.8,0.7999999999999998
