level,old_build,new_build,old_skills,new_skills,old_gold_before,new_gold_before,old_gold_earned,new_gold_earned,old_xp_before,new_xp_before,old_xp_earned,new_xp_earned,old_stars_before,new_stars_before,build_changed
001,char=vanguard@1;weapon=weapon_autocannon@1;armor=none@1;chip=none@1;pet=none@1;sig=0,char=vanguard@1;weapon=weapon_autocannon@1;armor=none@1;chip=none@1;pet=none@1;sig=0,,,0,0,474,474,0,0,249,249,0,0,no
002,char=vanguard@2;weapon=weapon_autocannon@3;armor=none@1;chip=none@1;pet=none@1;sig=0,char=vanguard@2;weapon=weapon_autocannon@3;armor=none@1;chip=none@1;pet=none@1;sig=0,,,59,59,668,668,249,249,403,403,2,2,no
003,char=vanguard@3;weapon=weapon_autocannon@4;armor=none@1;chip=none@1;pet=none@1;sig=0,char=vanguard@3;weapon=weapon_autocannon@4;armor=none@1;chip=none@1;pet=none@1;sig=0,skill_multishot:1,skill_multishot:1,241,241,746,746,302,302,376,376,4,4,no
004,char=vanguard@4;weapon=weapon_autocannon@5;armor=none@1;chip=none@1;pet=none@1;sig=0,char=vanguard@4;weapon=weapon_autocannon@5;armor=none@1;chip=none@1;pet=none@1;sig=0,skill_multishot:1|skill_pierce:1,skill_multishot:1|skill_pierce:1,329,329,886,886,328,328,458,458,6,6,no
005,char=vanguard@4;weapon=weapon_autocannon@6;armor=none@1;chip=none@1;pet=none@1;sig=0,char=vanguard@4;weapon=weapon_autocannon@6;armor=none@1;chip=none@1;pet=none@1;sig=0,skill_barrier:1|skill_homing:1|skill_multishot:1|skill_pierce:1,skill_barrier:1|skill_homing:1|skill_multishot:1|skill_pierce:1,349,349,1015,1015,86,86,443,443,0,0,no
006,char=vanguard@5;weapon=weapon_autocannon@7;armor=none@1;chip=none@1;pet=none@1;sig=0,char=vanguard@5;weapon=weapon_autocannon@7;armor=none@1;chip=none@1;pet=none@1;sig=0,skill_barrier:1|skill_homing:1|skill_multishot:1|skill_pierce:1|skill_salvo:1,skill_barrier:1|skill_homing:1|skill_multishot:1|skill_pierce:1|skill_salvo:1,33,33,1181,1181,179,179,516,516,2,2,no
007,char=vanguard@5;weapon=weapon_autocannon@8;armor=none@1;chip=none@1;pet=none@1;sig=0,char=vanguard@5;weapon=weapon_autocannon@8;armor=none@1;chip=none@1;pet=none@1;sig=0,skill_barrier:1|skill_charge_shot:1|skill_homing:1|skill_multishot:1|skill_pierce:1|skill_salvo:1,skill_barrier:1|skill_charge_shot:1|skill_homing:1|skill_multishot:1|skill_pierce:1|skill_salvo:1,136,136,1170,1170,345,345,468,468,4,4,no
008,char=vanguard@5;weapon=weapon_autocannon@9;armor=none@1;chip=none@1;pet=none@1;sig=1,char=vanguard@5;weapon=weapon_autocannon@9;armor=none@1;chip=none@1;pet=none@1;sig=1,skill_barrier:1|skill_charge_shot:1|skill_homing:1|skill_multishot:1|skill_pierce:1|skill_salvo:1|skill_slow_field:1,skill_barrier:1|skill_charge_shot:1|skill_homing:1|skill_multishot:1|skill_pierce:1|skill_salvo:1|skill_slow_field:1,32,32,1521,1521,13,13,610,610,6,6,no
009,char=vanguard@5;weapon=weapon_autocannon@10;armor=armor_kevlar@4;chip=none@1;pet=none@1;sig=1,char=vanguard@5;weapon=weapon_autocannon@10;armor=armor_kevlar@4;chip=none@1;pet=none@1;sig=1,skill_barrier:1|skill_charge_shot:1|skill_homing:1|skill_multishot:1|skill_pierce:1|skill_salvo:1|skill_slow_field:1|skill_split_shot:1,skill_barrier:1|skill_charge_shot:1|skill_homing:1|skill_multishot:1|skill_pierce:1|skill_salvo:1|skill_slow_field:1|skill_split_shot:1,306,306,1234,1234,273,273,392,392,0,0,no
010,char=vanguard@6;weapon=weapon_autocannon@11;armor=armor_kevlar@4;chip=none@1;pet=none@1;sig=1,char=vanguard@6;weapon=weapon_autocannon@11;armor=armor_kevlar@4;chip=none@1;pet=none@1;sig=1,skill_barrier:1|skill_charge_shot:1|skill_critical:1|skill_homing:1|skill_multishot:1|skill_pierce:1|skill_salvo:1|skill_slow_field:1|skill_split_shot:1,skill_barrier:1|skill_charge_shot:1|skill_critical:1|skill_homing:1|skill_multishot:1|skill_pierce:1|skill_salvo:1|skill_slow_field:1|skill_split_shot:1,259,259,1850,1850,315,315,690,690,2,2,no
011,char=vanguard@6;weapon=weapon_autocannon@12;armor=armor_kevlar@5;chip=none@1;pet=none@1;sig=1,char=vanguard@6;weapon=weapon_autocannon@12;armor=armor_kevlar@5;chip=none@1;pet=none@1;sig=1,skill_barrier:1|skill_charge_shot:1|skill_critical:1|skill_homing:1|skill_multishot:1|skill_pierce:1|skill_ricochet:1|skill_salvo:1|skill_slow_field:1|skill_split_shot:1,skill_barrier:1|skill_charge_shot:1|skill_critical:1|skill_homing:1|skill_multishot:1|skill_pierce:1|skill_ricochet:1|skill_salvo:1|skill_slow_field:1|skill_split_shot:1,143,143,1814,1814,655,655,596,596,4,4,no
012,char=vanguard@7;weapon=weapon_autocannon@13;armor=armor_kevlar@5;chip=none@1;pet=none@1;sig=1,char=vanguard@7;weapon=weapon_autocannon@13;armor=armor_kevlar@5;chip=none@1;pet=none@1;sig=1,skill_barrier:1|skill_charge_shot:1|skill_critical:1|skill_homing:1|skill_multishot:2|skill_pierce:1|skill_ricochet:1|skill_salvo:1|skill_slow_field:1|skill_split_shot:1,skill_barrier:1|skill_charge_shot:1|skill_critical:1|skill_homing:1|skill_multishot:2|skill_pierce:1|skill_ricochet:1|skill_salvo:1|skill_slow_field:1|skill_split_shot:1,435,435,1958,1958,351,351,665,665,6,6,no
013,char=vanguard@7;weapon=weapon_autocannon@14;armor=armor_kevlar@6;chip=none@1;pet=none@1;sig=1,char=vanguard@7;weapon=weapon_autocannon@14;armor=armor_kevlar@6;chip=none@1;pet=none@1;sig=1,skill_barrier:1|skill_charge_shot:1|skill_critical:1|skill_homing:1|skill_multishot:2|skill_pierce:2|skill_ricochet:1|skill_salvo:1|skill_slow_field:1|skill_split_shot:1,skill_barrier:1|skill_charge_shot:1|skill_critical:1|skill_homing:1|skill_multishot:2|skill_pierce:2|skill_ricochet:1|skill_salvo:1|skill_slow_field:1|skill_split_shot:1,80,80,2089,2089,116,116,617,617,8,8,no
014,char=vanguard@7;weapon=weapon_autocannon@15;armor=armor_kevlar@6;chip=none@1;pet=none@1;sig=1,char=vanguard@7;weapon=weapon_autocannon@15;armor=armor_kevlar@6;chip=none@1;pet=none@1;sig=1,skill_barrier:1|skill_charge_shot:1|skill_critical:1|skill_homing:1|skill_multishot:2|skill_pierce:2|skill_ricochet:1|skill_salvo:1|skill_slow_field:1|skill_split_shot:1,skill_barrier:1|skill_charge_shot:1|skill_critical:1|skill_homing:1|skill_multishot:2|skill_pierce:2|skill_ricochet:1|skill_salvo:1|skill_slow_field:1|skill_split_shot:1,241,241,2168,2168,733,733,651,651,1,1,no
015,char=vanguard@7;weapon=weapon_scattergun@6;armor=armor_kevlar@6;chip=none@1;pet=none@1;sig=1,char=vanguard@7;weapon=weapon_scattergun@6;armor=armor_kevlar@6;chip=none@1;pet=none@1;sig=1,skill_barrier:1|skill_charge_shot:1|skill_critical:1|skill_homing:2|skill_multishot:2|skill_pierce:2|skill_ricochet:1|skill_salvo:1|skill_slow_field:1|skill_split_shot:1,skill_barrier:1|skill_charge_shot:1|skill_critical:1|skill_homing:2|skill_multishot:2|skill_pierce:2|skill_ricochet:1|skill_salvo:1|skill_slow_field:1|skill_split_shot:1,87,87,2453,2453,484,484,745,745,3,3,no
016,char=vanguard@8;weapon=weapon_scattergun@8;armor=armor_kevlar@6;chip=none@1;pet=none@1;sig=1,char=vanguard@8;weapon=weapon_scattergun@8;armor=armor_kevlar@6;chip=none@1;pet=none@1;sig=1,skill_barrier:2|skill_charge_shot:1|skill_critical:1|skill_homing:2|skill_multishot:2|skill_pierce:2|skill_ricochet:1|skill_salvo:1|skill_slow_field:1|skill_split_shot:1,skill_barrier:2|skill_charge_shot:1|skill_critical:1|skill_homing:2|skill_multishot:2|skill_pierce:2|skill_ricochet:1|skill_salvo:1|skill_slow_field:1|skill_split_shot:1,40,40,2725,2725,329,329,815,815,5,5,no
017,char=vanguard@8;weapon=weapon_scattergun@9;armor=armor_kevlar@7;chip=none@1;pet=none@1;sig=1,char=vanguard@8;weapon=weapon_scattergun@9;armor=armor_kevlar@7;chip=none@1;pet=none@1;sig=1,skill_barrier:2|skill_charge_shot:1|skill_critical:1|skill_homing:2|skill_multishot:2|skill_pierce:2|skill_ricochet:1|skill_salvo:2|skill_slow_field:1|skill_split_shot:1,skill_barrier:2|skill_charge_shot:1|skill_critical:1|skill_homing:2|skill_multishot:2|skill_pierce:2|skill_ricochet:1|skill_salvo:2|skill_slow_field:1|skill_split_shot:1,123,123,2759,2759,244,244,810,810,7,7,no
018,char=vanguard@9;weapon=weapon_scattergun@10;armor=armor_kevlar@8;chip=none@1;pet=none@1;sig=1,char=vanguard@9;weapon=weapon_scattergun@10;armor=armor_kevlar@8;chip=none@1;pet=none@1;sig=1,skill_barrier:2|skill_charge_shot:2|skill_critical:1|skill_homing:2|skill_multishot:2|skill_pierce:2|skill_ricochet:1|skill_salvo:2|skill_slow_field:1|skill_split_shot:1,skill_barrier:2|skill_charge_shot:2|skill_critical:1|skill_homing:2|skill_multishot:2|skill_pierce:2|skill_ricochet:1|skill_salvo:2|skill_slow_field:1|skill_split_shot:1,241,241,2289,2289,154,154,521,521,9,9,no
019,char=vanguard@9;weapon=weapon_scattergun@11;armor=armor_kevlar@8;chip=none@1;pet=none@1;sig=1,char=vanguard@9;weapon=weapon_scattergun@11;armor=armor_kevlar@8;chip=none@1;pet=none@1;sig=1,skill_barrier:2|skill_charge_shot:2|skill_critical:1|skill_homing:2|skill_multishot:2|skill_pierce:2|skill_ricochet:1|skill_salvo:2|skill_slow_field:1|skill_split_shot:1,skill_barrier:2|skill_charge_shot:2|skill_critical:1|skill_homing:2|skill_multishot:2|skill_pierce:2|skill_ricochet:1|skill_salvo:2|skill_slow_field:1|skill_split_shot:1,28,28,3002,3002,675,675,803,803,11,11,no
020,char=vanguard@10;weapon=weapon_scattergun@12;armor=armor_kevlar@8;chip=none@1;pet=none@1;sig=2,char=vanguard@10;weapon=weapon_scattergun@12;armor=armor_kevlar@8;chip=none@1;pet=none@1;sig=2,skill_barrier:2|skill_charge_shot:2|skill_critical:1|skill_homing:2|skill_multishot:2|skill_pierce:2|skill_ricochet:1|skill_salvo:2|skill_slow_field:1|skill_split_shot:1,skill_barrier:2|skill_charge_shot:2|skill_critical:1|skill_homing:2|skill_multishot:2|skill_pierce:2|skill_ricochet:1|skill_salvo:2|skill_slow_field:1|skill_split_shot:1,633,633,3399,3399,278,278,929,929,13,13,no
021,char=vanguard@10;weapon=weapon_scattergun@13;armor=armor_kevlar@9;chip=none@1;pet=none@1;sig=2,char=vanguard@10;weapon=weapon_scattergun@13;armor=armor_kevlar@9;chip=none@1;pet=none@1;sig=2,skill_barrier:2|skill_charge_shot:2|skill_critical:1|skill_homing:2|skill_multishot:2|skill_pierce:2|skill_ricochet:1|skill_salvo:2|skill_slow_field:2|skill_split_shot:1,skill_barrier:2|skill_charge_shot:2|skill_critical:1|skill_homing:2|skill_multishot:2|skill_pierce:2|skill_ricochet:1|skill_salvo:2|skill_slow_field:2|skill_split_shot:1,156,156,2930,2930,307,307,701,701,1,1,no
022,char=vanguard@10;weapon=weapon_scattergun@14;armor=armor_kevlar@9;chip=none@1;pet=none@1;sig=2,char=vanguard@10;weapon=weapon_scattergun@14;armor=armor_kevlar@9;chip=none@1;pet=none@1;sig=2,skill_barrier:2|skill_charge_shot:2|skill_critical:1|skill_homing:2|skill_multishot:2|skill_pierce:2|skill_ricochet:1|skill_salvo:2|skill_slow_field:2|skill_split_shot:2,skill_barrier:2|skill_charge_shot:2|skill_critical:1|skill_homing:2|skill_multishot:2|skill_pierce:2|skill_ricochet:1|skill_salvo:2|skill_slow_field:2|skill_split_shot:2,402,402,3151,3151,108,108,738,738,3,3,no
023,char=vanguard@10;weapon=weapon_scattergun@15;armor=armor_kevlar@9;chip=none@1;pet=none@1;sig=2,char=vanguard@10;weapon=weapon_scattergun@15;armor=armor_kevlar@9;chip=none@1;pet=none@1;sig=2,skill_barrier:2|skill_charge_shot:2|skill_critical:1|skill_homing:2|skill_multishot:2|skill_pierce:2|skill_ricochet:1|skill_salvo:2|skill_slow_field:2|skill_split_shot:2,skill_barrier:2|skill_charge_shot:2|skill_critical:1|skill_homing:2|skill_multishot:2|skill_pierce:2|skill_ricochet:1|skill_salvo:2|skill_slow_field:2|skill_split_shot:2,519,519,3589,3589,846,846,870,870,5,5,no
024,char=vanguard@10;weapon=weapon_scattergun@16;armor=armor_kevlar@9;chip=none@1;pet=none@1;sig=2,char=vanguard@10;weapon=weapon_scattergun@16;armor=armor_kevlar@9;chip=none@1;pet=none@1;sig=2,skill_barrier:2|skill_charge_shot:2|skill_critical:2|skill_homing:2|skill_multishot:2|skill_pierce:2|skill_ricochet:1|skill_salvo:2|skill_slow_field:2|skill_split_shot:2,skill_barrier:2|skill_charge_shot:2|skill_critical:2|skill_homing:2|skill_multishot:2|skill_pierce:2|skill_ricochet:1|skill_salvo:2|skill_slow_field:2|skill_split_shot:2,724,724,3349,3349,816,816,797,797,7,7,no
025,char=vanguard@10;weapon=weapon_scattergun@17;armor=armor_kevlar@9;chip=none@1;pet=none@1;sig=2,char=vanguard@10;weapon=weapon_scattergun@17;armor=armor_kevlar@9;chip=none@1;pet=none@1;sig=2,skill_barrier:2|skill_charge_shot:2|skill_critical:2|skill_homing:2|skill_multishot:2|skill_pierce:2|skill_ricochet:2|skill_salvo:2|skill_slow_field:2|skill_split_shot:2,skill_barrier:2|skill_charge_shot:2|skill_critical:2|skill_homing:2|skill_multishot:2|skill_pierce:2|skill_ricochet:2|skill_salvo:2|skill_slow_field:2|skill_split_shot:2,35,35,4006,4006,713,713,935,935,1,1,no
026,char=vanguard@10;weapon=weapon_scattergun@18;armor=armor_kevlar@10;chip=none@1;pet=none@1;sig=2,char=vanguard@10;weapon=weapon_scattergun@18;armor=armor_kevlar@10;chip=none@1;pet=none@1;sig=2,skill_barrier:2|skill_charge_shot:2|skill_critical:2|skill_homing:2|skill_multishot:2|skill_pierce:2|skill_ricochet:2|skill_salvo:2|skill_slow_field:2|skill_split_shot:2,skill_barrier:2|skill_charge_shot:2|skill_critical:2|skill_homing:2|skill_multishot:2|skill_pierce:2|skill_ricochet:2|skill_salvo:2|skill_slow_field:2|skill_split_shot:2,174,174,3954,3954,1648,1648,935,935,3,3,no
027,char=vanguard@10;weapon=weapon_scattergun@19;armor=armor_kevlar@10;chip=none@1;pet=none@1;sig=2,char=vanguard@10;weapon=weapon_scattergun@19;armor=armor_kevlar@10;chip=none@1;pet=none@1;sig=2,skill_barrier:2|skill_charge_shot:2|skill_critical:2|skill_homing:2|skill_multishot:3|skill_pierce:2|skill_ricochet:2|skill_salvo:2|skill_slow_field:2|skill_split_shot:2,skill_barrier:2|skill_charge_shot:2|skill_critical:2|skill_homing:2|skill_multishot:3|skill_pierce:2|skill_ricochet:2|skill_salvo:2|skill_slow_field:2|skill_split_shot:2,726,726,3651,3651,583,583,736,736,5,5,no
028,char=vanguard@10;weapon=weapon_scattergun@20;armor=armor_kevlar@10;chip=none@1;pet=none@1;sig=2,char=vanguard@10;weapon=weapon_scattergun@20;armor=armor_kevlar@10;chip=none@1;pet=none@1;sig=2,skill_barrier:2|skill_charge_shot:2|skill_critical:2|skill_homing:2|skill_multishot:3|skill_pierce:2|skill_ricochet:2|skill_salvo:2|skill_slow_field:2|skill_split_shot:2,skill_barrier:2|skill_charge_shot:2|skill_critical:2|skill_homing:2|skill_multishot:3|skill_pierce:2|skill_ricochet:2|skill_salvo:2|skill_slow_field:2|skill_split_shot:2,681,681,3902,3902,1319,1319,845,845,7,7,no
029,char=vanguard@10;weapon=weapon_scattergun@21;armor=armor_kevlar@10;chip=chip_attack@7;pet=none@1;sig=2,char=vanguard@10;weapon=weapon_scattergun@21;armor=armor_kevlar@10;chip=chip_attack@4;pet=none@1;sig=2,skill_barrier:2|skill_charge_shot:2|skill_critical:2|skill_homing:2|skill_multishot:3|skill_pierce:3|skill_ricochet:2|skill_salvo:2|skill_slow_field:2|skill_split_shot:2,skill_barrier:2|skill_charge_shot:2|skill_critical:2|skill_homing:2|skill_multishot:3|skill_pierce:3|skill_ricochet:2|skill_salvo:2|skill_slow_field:2|skill_split_shot:2,278,58,4136,4136,164,164,864,864,1,1,yes
030,char=vanguard@10;weapon=weapon_scattergun@22;armor=armor_kevlar@10;chip=chip_attack@7;pet=none@1;sig=2,char=vanguard@10;weapon=weapon_scattergun@21;armor=armor_kevlar@10;chip=chip_attack@6;pet=none@1;sig=2,skill_barrier:2|skill_charge_shot:2|skill_critical:2|skill_homing:2|skill_multishot:3|skill_pierce:3|skill_ricochet:2|skill_salvo:2|skill_slow_field:2|skill_split_shot:2,skill_barrier:2|skill_charge_shot:2|skill_critical:2|skill_homing:2|skill_multishot:3|skill_pierce:3|skill_ricochet:2|skill_salvo:2|skill_slow_field:2|skill_split_shot:2,50,222,4359,4359,1028,1028,828,828,3,3,yes
031,char=vanguard@10;weapon=weapon_scattergun@23;armor=armor_kevlar@10;chip=chip_attack@7;pet=none@1;sig=2,char=vanguard@10;weapon=weapon_scattergun@22;armor=armor_kevlar@10;chip=chip_attack@9;pet=none@1;sig=2,skill_barrier:2|skill_charge_shot:2|skill_critical:2|skill_homing:2|skill_multishot:3|skill_pierce:3|skill_ricochet:2|skill_salvo:2|skill_slow_field:2|skill_split_shot:2,skill_barrier:2|skill_charge_shot:2|skill_critical:2|skill_homing:2|skill_multishot:3|skill_pierce:3|skill_ricochet:2|skill_salvo:2|skill_slow_field:2|skill_split_shot:2,167,243,4710,4710,1856,1856,966,966,5,5,yes
032,char=vanguard@10;weapon=weapon_scattergun@24;armor=armor_kevlar@10;chip=chip_attack@7;pet=none@1;sig=2,char=vanguard@10;weapon=weapon_scattergun@23;armor=armor_kevlar@10;chip=chip_attack@9;pet=none@1;sig=2,skill_barrier:2|skill_charge_shot:2|skill_critical:2|skill_homing:3|skill_multishot:3|skill_pierce:3|skill_ricochet:2|skill_salvo:2|skill_slow_field:2|skill_split_shot:2,skill_barrier:2|skill_charge_shot:2|skill_critical:2|skill_homing:3|skill_multishot:3|skill_pierce:3|skill_ricochet:2|skill_salvo:2|skill_slow_field:2|skill_split_shot:2,37,239,4392,4392,822,822,907,907,7,7,yes
033,char=vanguard@10;weapon=weapon_scattergun@25;armor=armor_kevlar@10;chip=chip_attack@7;pet=none@1;sig=2,char=vanguard@10;weapon=weapon_scattergun@24;armor=armor_kevlar@10;chip=chip_attack@9;pet=none@1;sig=2,skill_barrier:2|skill_charge_shot:2|skill_critical:2|skill_homing:3|skill_multishot:3|skill_pierce:3|skill_ricochet:2|skill_salvo:2|skill_slow_field:2|skill_split_shot:2,skill_barrier:2|skill_charge_shot:2|skill_critical:2|skill_homing:3|skill_multishot:3|skill_pierce:3|skill_ricochet:2|skill_salvo:2|skill_slow_field:2|skill_split_shot:2,433,203,3959,3959,1729,1729,727,727,1,1,yes
034,char=vanguard@10;weapon=weapon_scattergun@26;armor=armor_kevlar@10;chip=chip_attack@8;pet=none@1;sig=2,char=vanguard@10;weapon=weapon_scattergun@24;armor=armor_kevlar@10;chip=chip_attack@9;pet=none@1;sig=2,skill_barrier:3|skill_charge_shot:2|skill_critical:2|skill_homing:3|skill_multishot:3|skill_pierce:3|skill_ricochet:2|skill_salvo:2|skill_slow_field:2|skill_split_shot:2,skill_barrier:3|skill_charge_shot:2|skill_critical:2|skill_homing:3|skill_multishot:3|skill_pierce:3|skill_ricochet:2|skill_salvo:2|skill_slow_field:2|skill_split_shot:2,84,670,4983,4983,456,456,958,958,3,3,yes
035,char=vanguard@10;weapon=weapon_scattergun@27;armor=armor_kevlar@10;chip=chip_attack@8;pet=none@1;sig=2,char=vanguard@10;weapon=weapon_scattergun@25;armor=armor_kevlar@10;chip=chip_attack@9;pet=none@1;sig=2,skill_barrier:3|skill_charge_shot:2|skill_critical:2|skill_homing:3|skill_multishot:3|skill_pierce:3|skill_ricochet:2|skill_salvo:2|skill_slow_field:2|skill_split_shot:2,skill_barrier:3|skill_charge_shot:2|skill_critical:2|skill_homing:3|skill_multishot:3|skill_pierce:3|skill_ricochet:2|skill_salvo:2|skill_slow_field:2|skill_split_shot:2,243,73,6175,6175,1414,1414,1349,1349,5,5,yes
036,char=vanguard@10;weapon=weapon_scattergun@28;armor=armor_kevlar@10;chip=chip_attack@9;pet=none@1;sig=2,char=vanguard@11;weapon=weapon_scattergun@26;armor=armor_kevlar@10;chip=chip_attack@9;pet=none@1;sig=2,skill_barrier:3|skill_charge_shot:2|skill_critical:2|skill_homing:3|skill_multishot:3|skill_pierce:3|skill_ricochet:2|skill_salvo:3|skill_slow_field:2|skill_split_shot:2,skill_barrier:3|skill_charge_shot:2|skill_critical:2|skill_homing:3|skill_multishot:3|skill_pierce:3|skill_ricochet:2|skill_salvo:3|skill_slow_field:2|skill_split_shot:2,344,672,4962,4962,763,763,1011,1011,7,7,yes
037,char=vanguard@10;weapon=weapon_scattergun@29;armor=armor_kevlar@10;chip=chip_attack@9;pet=none@1;sig=2,char=vanguard@11;weapon=weapon_scattergun@27;armor=armor_kevlar@10;chip=chip_attack@10;pet=none@1;sig=2,skill_barrier:3|skill_charge_shot:2|skill_critical:2|skill_homing:3|skill_multishot:3|skill_pierce:3|skill_ricochet:2|skill_salvo:3|skill_slow_field:2|skill_split_shot:2,skill_barrier:3|skill_charge_shot:2|skill_critical:2|skill_homing:3|skill_multishot:3|skill_pierce:3|skill_ricochet:2|skill_salvo:3|skill_slow_field:2|skill_split_shot:2,536,171,5660,5660,1774,1774,1156,1156,9,9,yes
038,char=vanguard@10;weapon=weapon_scattergun@30;armor=armor_kevlar@10;chip=chip_attack@10;pet=none@1;sig=2,char=vanguard@11;weapon=weapon_scattergun@28;armor=armor_kevlar@10;chip=chip_attack@11;pet=none@1;sig=2,skill_barrier:3|skill_charge_shot:3|skill_critical:2|skill_homing:3|skill_multishot:3|skill_pierce:3|skill_ricochet:2|skill_salvo:3|skill_slow_field:2|skill_split_shot:2,skill_barrier:3|skill_charge_shot:3|skill_critical:2|skill_homing:3|skill_multishot:3|skill_pierce:3|skill_ricochet:2|skill_salvo:3|skill_slow_field:2|skill_split_shot:2,211,43,6024,6024,930,930,1195,1195,11,11,yes
039,char=vanguard@10;weapon=weapon_scattergun@31;armor=armor_kevlar@10;chip=chip_attack@10;pet=none@1;sig=2,char=vanguard@11;weapon=weapon_scattergun@29;armor=armor_kevlar@10;chip=chip_attack@11;pet=none@1;sig=2,skill_barrier:3|skill_charge_shot:3|skill_critical:2|skill_homing:3|skill_multishot:3|skill_pierce:3|skill_ricochet:2|skill_salvo:3|skill_slow_field:3|skill_split_shot:2,skill_barrier:3|skill_charge_shot:3|skill_critical:2|skill_homing:3|skill_multishot:3|skill_pierce:3|skill_ricochet:2|skill_salvo:3|skill_slow_field:3|skill_split_shot:2,289,793,5463,5463,125,125,976,976,13,13,yes
040,char=vanguard@10;weapon=weapon_scattergun@32;armor=armor_kevlar@10;chip=chip_attack@10;pet=none@1;sig=2,char=vanguard@11;weapon=weapon_scattergun@30;armor=armor_kevlar@10;chip=chip_attack@11;pet=none@1;sig=2,skill_barrier:3|skill_charge_shot:3|skill_critical:2|skill_homing:3|skill_multishot:3|skill_pierce:3|skill_ricochet:2|skill_salvo:3|skill_slow_field:3|skill_split_shot:2,skill_barrier:3|skill_charge_shot:3|skill_critical:2|skill_homing:3|skill_multishot:3|skill_pierce:3|skill_ricochet:2|skill_salvo:3|skill_slow_field:3|skill_split_shot:2,478,730,6602,6602,1101,1101,1308,1308,15,15,yes
041,char=vanguard@10;weapon=weapon_scattergun@33;armor=armor_kevlar@10;chip=chip_attack@10;pet=none@1;sig=2,char=vanguard@11;weapon=weapon_scattergun@31;armor=armor_kevlar@10;chip=chip_attack@12;pet=none@1;sig=2,skill_barrier:3|skill_charge_shot:3|skill_critical:2|skill_homing:3|skill_multishot:3|skill_pierce:3|skill_ricochet:2|skill_salvo:3|skill_slow_field:3|skill_split_shot:3,skill_barrier:3|skill_charge_shot:3|skill_critical:2|skill_homing:3|skill_multishot:3|skill_pierce:3|skill_ricochet:2|skill_salvo:3|skill_slow_field:3|skill_split_shot:3,370,34,6526,6526,409,409,1310,1310,1,1,yes
042,char=vanguard@10;weapon=weapon_scattergun@34;armor=armor_kevlar@10;chip=chip_attack@10;pet=none@1;sig=2,char=vanguard@12;weapon=weapon_scattergun@32;armor=armor_kevlar@10;chip=chip_attack@12;pet=none@1;sig=2,skill_barrier:3|skill_charge_shot:3|skill_critical:2|skill_homing:3|skill_multishot:3|skill_pierce:3|skill_ricochet:2|skill_salvo:3|skill_slow_field:3|skill_split_shot:3,skill_barrier:3|skill_charge_shot:3|skill_critical:2|skill_homing:3|skill_multishot:3|skill_pierce:3|skill_ricochet:2|skill_salvo:3|skill_slow_field:3|skill_split_shot:3,28,224,6067,6067,1719,1719,1064,1064,3,3,yes
043,char=vanguard@10;weapon=weapon_scattergun@35;armor=armor_kevlar@10;chip=chip_attack@10;pet=none@1;sig=3,char=vanguard@12;weapon=weapon_scattergun@33;armor=armor_kevlar@10;chip=chip_attack@12;pet=none@1;sig=3,skill_barrier:3|skill_charge_shot:3|skill_critical:2|skill_homing:3|skill_multishot:3|skill_pierce:3|skill_ricochet:2|skill_salvo:3|skill_slow_field:3|skill_split_shot:3,skill_barrier:3|skill_charge_shot:3|skill_critical:2|skill_homing:3|skill_multishot:3|skill_pierce:3|skill_ricochet:2|skill_salvo:3|skill_slow_field:3|skill_split_shot:3,93,765,7053,7053,83,83,1311,1311,5,5,yes
044,char=vanguard@10;weapon=weapon_scattergun@36;armor=armor_kevlar@10;chip=chip_attack@11;pet=none@1;sig=3,char=vanguard@12;weapon=weapon_scattergun@34;armor=armor_kevlar@10;chip=chip_attack@12;pet=none@1;sig=3,skill_barrier:3|skill_charge_shot:3|skill_critical:2|skill_homing:3|skill_multishot:3|skill_pierce:3|skill_ricochet:2|skill_salvo:3|skill_slow_field:3|skill_split_shot:3,skill_barrier:3|skill_charge_shot:3|skill_critical:2|skill_homing:3|skill_multishot:3|skill_pierce:3|skill_ricochet:2|skill_salvo:3|skill_slow_field:3|skill_split_shot:3,28,54,6873,6873,1394,1394,1246,1246,7,7,yes
045,char=vanguard@10;weapon=weapon_scattergun@37;armor=armor_kevlar@10;chip=chip_attack@11;pet=none@1;sig=3,char=vanguard@12;weapon=weapon_scattergun@35;armor=armor_kevlar@10;chip=chip_attack@12;pet=none@1;sig=3,skill_barrier:3|skill_charge_shot:3|skill_critical:3|skill_homing:3|skill_multishot:3|skill_pierce:3|skill_ricochet:2|skill_salvo:3|skill_slow_field:3|skill_split_shot:3,skill_barrier:3|skill_charge_shot:3|skill_critical:3|skill_homing:3|skill_multishot:3|skill_pierce:3|skill_ricochet:2|skill_salvo:3|skill_slow_field:3|skill_split_shot:3,199,477,7287,7287,640,640,1374,1374,9,9,yes
046,char=vanguard@10;weapon=weapon_scattergun@38;armor=armor_kevlar@10;chip=chip_attack@11;pet=none@1;sig=3,char=vanguard@12;weapon=weapon_scattergun@36;armor=armor_kevlar@10;chip=chip_attack@12;pet=none@1;sig=3,skill_barrier:3|skill_charge_shot:3|skill_critical:3|skill_homing:3|skill_multishot:3|skill_pierce:3|skill_ricochet:3|skill_salvo:3|skill_slow_field:3|skill_split_shot:3,skill_barrier:3|skill_charge_shot:3|skill_critical:3|skill_homing:3|skill_multishot:3|skill_pierce:3|skill_ricochet:3|skill_salvo:3|skill_slow_field:3|skill_split_shot:3,802,420,7222,7222,14,14,1326,1326,1,1,yes
047,char=vanguard@11;weapon=weapon_scattergun@39;armor=armor_kevlar@10;chip=chip_attack@11;pet=none@1;sig=3,char=vanguard@12;weapon=weapon_scattergun@37;armor=armor_kevlar@10;chip=chip_attack@12;pet=none@1;sig=3,skill_barrier:3|skill_charge_shot:3|skill_critical:3|skill_homing:3|skill_multishot:3|skill_pierce:3|skill_ricochet:3|skill_salvo:3|skill_slow_field:3|skill_split_shot:3,skill_barrier:3|skill_charge_shot:3|skill_critical:3|skill_homing:3|skill_multishot:3|skill_pierce:3|skill_ricochet:3|skill_salvo:3|skill_slow_field:3|skill_split_shot:3,132,724,6618,6618,1340,1340,1058,1058,3,3,yes
048,char=vanguard@11;weapon=weapon_scattergun@40;armor=armor_kevlar@10;chip=chip_attack@11;pet=none@1;sig=3,char=vanguard@12;weapon=weapon_scattergun@38;armor=armor_kevlar@10;chip=chip_attack@12;pet=none@1;sig=3,skill_barrier:3|skill_charge_shot:3|skill_critical:3|skill_homing:3|skill_multishot:3|skill_pierce:3|skill_ricochet:3|skill_salvo:3|skill_slow_field:3|skill_split_shot:3,skill_barrier:3|skill_charge_shot:3|skill_critical:3|skill_homing:3|skill_multishot:3|skill_pierce:3|skill_ricochet:3|skill_salvo:3|skill_slow_field:3|skill_split_shot:3,534,60,7985,7985,2398,2398,1412,1412,5,5,yes
049,char=vanguard@11;weapon=weapon_scattergun@41;armor=armor_kevlar@10;chip=chip_attack@11;pet=none@1;sig=3,char=vanguard@12;weapon=weapon_scattergun@39;armor=armor_kevlar@10;chip=chip_attack@12;pet=none@1;sig=3,skill_barrier:3|skill_charge_shot:3|skill_critical:3|skill_homing:3|skill_multishot:3|skill_pierce:3|skill_ricochet:3|skill_salvo:3|skill_slow_field:3|skill_split_shot:3,skill_barrier:3|skill_charge_shot:3|skill_critical:3|skill_homing:3|skill_multishot:3|skill_pierce:3|skill_ricochet:3|skill_salvo:3|skill_slow_field:3|skill_split_shot:3,425,179,6907,6907,3810,3810,1203,1203,7,7,yes
050,char=vanguard@11;weapon=weapon_scattergun@42;armor=armor_kevlar@10;chip=chip_attack@11;pet=pet_turret_drone@6;sig=3,char=vanguard@12;weapon=weapon_scattergun@40;armor=armor_kevlar@10;chip=chip_attack@12;pet=pet_turret_drone@3;sig=3,skill_barrier:3|skill_charge_shot:3|skill_critical:3|skill_homing:3|skill_multishot:4|skill_pierce:3|skill_ricochet:3|skill_salvo:3|skill_slow_field:3|skill_split_shot:3,skill_barrier:3|skill_charge_shot:3|skill_critical:3|skill_homing:3|skill_multishot:4|skill_pierce:3|skill_ricochet:3|skill_salvo:3|skill_slow_field:3|skill_split_shot:3,552,15,9646,9646,1013,1013,1815,1815,1,1,yes
051,char=vanguard@11;weapon=weapon_scattergun@43;armor=armor_kevlar@10;chip=chip_attack@11;pet=pet_turret_drone@6;sig=3,char=vanguard@12;weapon=weapon_scattergun@41;armor=armor_kevlar@10;chip=chip_attack@12;pet=pet_turret_drone@5;sig=3,skill_barrier:3|skill_charge_shot:3|skill_critical:3|skill_homing:3|skill_multishot:4|skill_pierce:3|skill_ricochet:3|skill_salvo:3|skill_slow_field:3|skill_split_shot:3,skill_barrier:3|skill_charge_shot:3|skill_critical:3|skill_homing:3|skill_multishot:4|skill_pierce:3|skill_ricochet:3|skill_salvo:3|skill_slow_field:3|skill_split_shot:3,34,180,2651,2651,2828,2828,948,948,3,3,yes
052,char=vanguard@11;weapon=weapon_scattergun@43;armor=armor_kevlar@10;chip=chip_attack@11;pet=pet_turret_drone@6;sig=3,char=vanguard@12;weapon=weapon_scattergun@41;armor=armor_kevlar@10;chip=chip_attack@12;pet=pet_turret_drone@6;sig=3,skill_barrier:3|skill_charge_shot:3|skill_critical:3|skill_homing:3|skill_multishot:4|skill_pierce:3|skill_ricochet:3|skill_salvo:3|skill_slow_field:3|skill_split_shot:3,skill_barrier:3|skill_charge_shot:3|skill_critical:3|skill_homing:3|skill_multishot:4|skill_pierce:3|skill_ricochet:3|skill_salvo:3|skill_slow_field:3|skill_split_shot:3,349,225,2844,2844,3776,3776,1767,1767,5,5,yes
053,char=vanguard@11;weapon=weapon_scattergun@43;armor=armor_kevlar@10;chip=chip_attack@11;pet=pet_turret_drone@7;sig=3,char=vanguard@12;weapon=weapon_scattergun@41;armor=armor_kevlar@10;chip=chip_attack@12;pet=pet_turret_drone@7;sig=3,skill_barrier:3|skill_charge_shot:3|skill_critical:3|skill_homing:3|skill_multishot:4|skill_pierce:4|skill_ricochet:3|skill_salvo:3|skill_slow_field:3|skill_split_shot:3,skill_barrier:3|skill_charge_shot:3|skill_critical:3|skill_homing:3|skill_multishot:4|skill_pierce:4|skill_ricochet:3|skill_salvo:3|skill_slow_field:3|skill_split_shot:3,272,148,3105,3105,1543,1543,1336,1336,7,7,yes
054,char=vanguard@11;weapon=weapon_scattergun@43;armor=armor_kevlar@10;chip=chip_attack@11;pet=pet_turret_drone@7;sig=3,char=vanguard@12;weapon=weapon_scattergun@41;armor=armor_kevlar@10;chip=chip_attack@12;pet=pet_turret_drone@8;sig=3,skill_barrier:3|skill_charge_shot:3|skill_critical:3|skill_homing:3|skill_multishot:4|skill_pierce:4|skill_ricochet:3|skill_salvo:3|skill_slow_field:3|skill_split_shot:3,skill_barrier:3|skill_charge_shot:3|skill_critical:3|skill_homing:3|skill_multishot:4|skill_pierce:4|skill_ricochet:3|skill_salvo:3|skill_slow_field:3|skill_split_shot:3,497,241,3038,3038,2879,2879,1671,1671,9,9,yes
055,char=vanguard@12;weapon=weapon_scattergun@43;armor=armor_kevlar@10;chip=chip_attack@11;pet=pet_turret_drone@7;sig=3,char=vanguard@13;weapon=weapon_scattergun@41;armor=armor_kevlar@10;chip=chip_attack@12;pet=pet_turret_drone@8;sig=3,skill_barrier:3|skill_charge_shot:3|skill_critical:3|skill_homing:4|skill_multishot:4|skill_pierce:4|skill_ricochet:3|skill_salvo:3|skill_slow_field:3|skill_split_shot:3,skill_barrier:3|skill_charge_shot:3|skill_critical:3|skill_homing:4|skill_multishot:4|skill_pierce:4|skill_ricochet:3|skill_salvo:3|skill_slow_field:3|skill_split_shot:3,455,97,2873,2873,550,550,1798,1798,11,11,yes
056,char=vanguard@13;weapon=weapon_scattergun@43;armor=armor_kevlar@10;chip=chip_attack@11;pet=pet_turret_drone@7;sig=3,char=vanguard@13;weapon=weapon_scattergun@41;armor=armor_kevlar@10;chip=chip_attack@12;pet=pet_turret_drone@8;sig=3,skill_barrier:3|skill_charge_shot:3|skill_critical:3|skill_homing:4|skill_multishot:4|skill_pierce:4|skill_ricochet:3|skill_salvo:3|skill_slow_field:3|skill_split_shot:3,skill_barrier:3|skill_charge_shot:3|skill_critical:3|skill_homing:4|skill_multishot:4|skill_pierce:4|skill_ricochet:3|skill_salvo:3|skill_slow_field:3|skill_split_shot:3,146,410,2975,2975,2348,2348,1549,1549,13,13,yes
057,char=vanguard@13;weapon=weapon_scattergun@43;armor=armor_kevlar@10;chip=chip_attack@11;pet=pet_turret_drone@7;sig=3,char=vanguard@13;weapon=weapon_scattergun@41;armor=armor_kevlar@10;chip=chip_attack@12;pet=pet_turret_drone@9;sig=3,skill_barrier:3|skill_charge_shot:3|skill_critical:3|skill_homing:4|skill_multishot:4|skill_pierce:4|skill_ricochet:3|skill_salvo:3|skill_slow_field:3|skill_split_shot:3,skill_barrier:3|skill_charge_shot:3|skill_critical:3|skill_homing:4|skill_multishot:4|skill_pierce:4|skill_ricochet:3|skill_salvo:3|skill_slow_field:3|skill_split_shot:3,561,58,4717,4717,3897,3897,1530,1530,15,15,yes
058,char=vanguard@13;weapon=weapon_scattergun@43;armor=armor_kevlar@10;chip=chip_attack@11;pet=pet_turret_drone@7;sig=3,char=vanguard@13;weapon=weapon_scattergun@41;armor=armor_kevlar@11;chip=chip_attack@12;pet=pet_turret_drone@9;sig=3,skill_barrier:4|skill_charge_shot:3|skill_critical:3|skill_homing:4|skill_multishot:4|skill_pierce:4|skill_ricochet:3|skill_salvo:3|skill_slow_field:3|skill_split_shot:3,skill_barrier:4|skill_charge_shot:3|skill_critical:3|skill_homing:4|skill_multishot:4|skill_pierce:4|skill_ricochet:3|skill_salvo:3|skill_slow_field:3|skill_split_shot:3,2,281,3223,3223,1427,1427,1623,1623,17,17,yes
059,char=vanguard@14;weapon=weapon_scattergun@43;armor=armor_kevlar@10;chip=chip_attack@11;pet=pet_turret_drone@7;sig=3,char=vanguard@14;weapon=weapon_scattergun@41;armor=armor_kevlar@11;chip=chip_attack@12;pet=pet_turret_drone@9;sig=3,skill_barrier:4|skill_charge_shot:3|skill_critical:3|skill_homing:4|skill_multishot:4|skill_pierce:4|skill_ricochet:3|skill_salvo:3|skill_slow_field:3|skill_split_shot:3,skill_barrier:4|skill_charge_shot:3|skill_critical:3|skill_homing:4|skill_multishot:4|skill_pierce:4|skill_ricochet:3|skill_salvo:3|skill_slow_field:3|skill_split_shot:3,296,53,3187,3187,3050,3050,1855,1855,19,19,yes
060,char=vanguard@14;weapon=weapon_scattergun@43;armor=armor_kevlar@10;chip=chip_attack@11;pet=pet_turret_drone@7;sig=3,char=vanguard@14;weapon=weapon_scattergun@41;armor=armor_kevlar@11;chip=chip_attack@12;pet=pet_turret_drone@9;sig=3,skill_barrier:4|skill_charge_shot:3|skill_critical:3|skill_homing:4|skill_multishot:4|skill_pierce:4|skill_ricochet:3|skill_salvo:4|skill_slow_field:3|skill_split_shot:3,skill_barrier:4|skill_charge_shot:3|skill_critical:3|skill_homing:4|skill_multishot:4|skill_pierce:4|skill_ricochet:3|skill_salvo:4|skill_slow_field:3|skill_split_shot:3,175,456,6858,6858,905,905,2249,2249,21,21,yes
061,char=vanguard@14;weapon=weapon_scattergun@44;armor=armor_kevlar@10;chip=chip_attack@12;pet=pet_turret_drone@8;sig=3,char=vanguard@14;weapon=weapon_scattergun@41;armor=armor_kevlar@11;chip=chip_attack@12;pet=pet_turret_drone@9;sig=3,skill_barrier:4|skill_charge_shot:3|skill_critical:3|skill_homing:4|skill_multishot:4|skill_pierce:4|skill_ricochet:3|skill_salvo:4|skill_slow_field:3|skill_split_shot:3,skill_barrier:4|skill_charge_shot:3|skill_critical:3|skill_homing:4|skill_multishot:4|skill_pierce:4|skill_ricochet:3|skill_salvo:4|skill_slow_field:3|skill_split_shot:3,45,582,9266,3762,3154,3154,1530,1530,23,23,yes
062,char=vanguard@15;weapon=weapon_scattergun@45;armor=armor_kevlar@10;chip=chip_attack@12;pet=pet_turret_drone@8;sig=3,char=vanguard@14;weapon=weapon_scattergun@41;armor=armor_kevlar@11;chip=chip_attack@12;pet=pet_turret_drone@9;sig=3,skill_barrier:4|skill_charge_shot:4|skill_critical:3|skill_homing:4|skill_multishot:4|skill_pierce:4|skill_ricochet:3|skill_salvo:4|skill_slow_field:3|skill_split_shot:3,skill_barrier:4|skill_charge_shot:4|skill_critical:3|skill_homing:4|skill_multishot:4|skill_pierce:4|skill_ricochet:3|skill_salvo:4|skill_slow_field:3|skill_split_shot:3,161,270,10168,3822,684,684,1676,1676,25,25,yes
063,char=vanguard@15;weapon=weapon_scattergun@46;armor=armor_kevlar@10;chip=chip_attack@12;pet=pet_turret_drone@8;sig=3,char=vanguard@14;weapon=weapon_scattergun@41;armor=armor_kevlar@11;chip=chip_attack@13;pet=pet_turret_drone@9;sig=3,skill_barrier:4|skill_charge_shot:4|skill_critical:3|skill_homing:4|skill_multishot:4|skill_pierce:4|skill_ricochet:3|skill_salvo:4|skill_slow_field:3|skill_split_shot:3,skill_barrier:4|skill_charge_shot:4|skill_critical:3|skill_homing:4|skill_multishot:4|skill_pierce:4|skill_ricochet:3|skill_salvo:4|skill_slow_field:3|skill_split_shot:3,129,171,8408,3566,2360,2360,1253,1253,27,27,yes
064,char=vanguard@15;weapon=weapon_scattergun@47;armor=armor_kevlar@11;chip=chip_attack@12;pet=pet_turret_drone@8;sig=3,char=vanguard@14;weapon=weapon_scattergun@41;armor=armor_kevlar@11;chip=chip_attack@13;pet=pet_turret_drone@9;sig=3,skill_barrier:4|skill_charge_shot:4|skill_critical:3|skill_homing:4|skill_multishot:4|skill_pierce:4|skill_ricochet:3|skill_salvo:4|skill_slow_field:3|skill_split_shot:3,skill_barrier:4|skill_charge_shot:4|skill_critical:3|skill_homing:4|skill_multishot:4|skill_pierce:4|skill_ricochet:3|skill_salvo:4|skill_slow_field:3|skill_split_shot:3,155,729,11671,3608,3613,3613,2013,2022,29,29,yes
065,char=vanguard@15;weapon=weapon_scattergun@48;armor=armor_kevlar@11;chip=chip_attack@12;pet=pet_turret_drone@9;sig=4,char=vanguard@14;weapon=weapon_scattergun@41;armor=armor_kevlar@11;chip=chip_attack@13;pet=pet_turret_drone@9;sig=4,skill_barrier:4|skill_charge_shot:4|skill_critical:3|skill_homing:4|skill_multishot:4|skill_pierce:4|skill_ricochet:3|skill_salvo:4|skill_slow_field:3|skill_split_shot:3,skill_barrier:4|skill_charge_shot:4|skill_critical:3|skill_homing:4|skill_multishot:4|skill_pierce:4|skill_ricochet:3|skill_salvo:4|skill_slow_field:3|skill_split_shot:3,43,693,13121,4226,226,235,2334,2386,31,31,yes
066,char=vanguard@15;weapon=weapon_scattergun@49;armor=armor_kevlar@11;chip=chip_attack@12;pet=pet_turret_drone@9;sig=4,char=vanguard@14;weapon=weapon_scattergun@41;armor=armor_kevlar@11;chip=chip_attack@13;pet=pet_turret_drone@9;sig=4,skill_barrier:4|skill_charge_shot:4|skill_critical:3|skill_homing:4|skill_multishot:4|skill_pierce:4|skill_ricochet:3|skill_salvo:4|skill_slow_field:3|skill_split_shot:3,skill_barrier:4|skill_charge_shot:4|skill_critical:3|skill_homing:4|skill_multishot:4|skill_pierce:4|skill_ricochet:3|skill_salvo:4|skill_slow_field:3|skill_split_shot:3,508,551,12100,3571,2560,2621,2197,2197,33,33,yes
067,char=vanguard@15;weapon=weapon_scattergun@50;armor=armor_kevlar@11;chip=chip_attack@13;pet=pet_turret_drone@9;sig=4,char=vanguard@14;weapon=weapon_scattergun@41;armor=armor_kevlar@11;chip=chip_attack@13;pet=pet_turret_drone@10;sig=4,skill_barrier:4|skill_charge_shot:4|skill_critical:3|skill_homing:4|skill_multishot:4|skill_pierce:4|skill_ricochet:3|skill_salvo:4|skill_slow_field:4|skill_split_shot:3,skill_barrier:4|skill_charge_shot:4|skill_critical:3|skill_homing:4|skill_multishot:4|skill_pierce:4|skill_ricochet:3|skill_salvo:4|skill_slow_field:4|skill_split_shot:3,641,32,10502,4718,757,818,1731,1731,35,35,yes
068,char=vanguard@15;weapon=weapon_scattergun@50;armor=armor_kevlar@12;chip=chip_attack@13;pet=pet_turret_drone@9;sig=4,char=vanguard@15;weapon=weapon_scattergun@41;armor=armor_kevlar@11;chip=chip_attack@13;pet=pet_turret_drone@10;sig=4,skill_barrier:4|skill_charge_shot:4|skill_critical:3|skill_homing:4|skill_multishot:4|skill_pierce:4|skill_ricochet:3|skill_salvo:4|skill_slow_field:4|skill_split_shot:3,skill_barrier:4|skill_charge_shot:4|skill_critical:3|skill_homing:4|skill_multishot:4|skill_pierce:4|skill_ricochet:3|skill_salvo:4|skill_slow_field:4|skill_split_shot:3,325,54,12995,4310,2488,2549,2226,2226,37,37,yes
069,char=vanguard@15;weapon=weapon_scattergun@50;armor=armor_kevlar@12;chip=chip_attack@14;pet=pet_turret_drone@9;sig=4,char=vanguard@15;weapon=weapon_scattergun@41;armor=armor_kevlar@12;chip=chip_attack@13;pet=pet_turret_drone@10;sig=4,skill_barrier:4|skill_charge_shot:4|skill_critical:3|skill_homing:4|skill_multishot:4|skill_pierce:4|skill_ricochet:3|skill_salvo:4|skill_slow_field:4|skill_split_shot:4,skill_barrier:4|skill_charge_shot:4|skill_critical:3|skill_homing:4|skill_multishot:4|skill_pierce:4|skill_ricochet:3|skill_salvo:4|skill_slow_field:4|skill_split_shot:4,29,210,11471,4651,714,775,1856,1856,39,39,yes
070,char=vanguard@15;weapon=weapon_scattergun@50;armor=armor_kevlar@12;chip=chip_attack@14;pet=pet_turret_drone@9;sig=4,char=vanguard@15;weapon=weapon_scattergun@41;armor=armor_kevlar@12;chip=chip_attack@13;pet=pet_turret_drone@10;sig=4,skill_barrier:4|skill_charge_shot:4|skill_critical:3|skill_homing:4|skill_multishot:4|skill_pierce:4|skill_ricochet:3|skill_salvo:4|skill_slow_field:4|skill_split_shot:4,skill_barrier:4|skill_charge_shot:4|skill_critical:3|skill_homing:4|skill_multishot:4|skill_pierce:4|skill_ricochet:3|skill_salvo:4|skill_slow_field:4|skill_split_shot:4,448,199,13774,4295,2570,2631,2382,2442,41,41,yes
071,char=vanguard@15;weapon=weapon_scattergun@50;armor=armor_kevlar@12;chip=chip_attack@14;pet=pet_turret_drone@10;sig=4,char=vanguard@16;weapon=weapon_scattergun@41;armor=armor_kevlar@12;chip=chip_attack@13;pet=pet_turret_drone@10;sig=4,skill_barrier:4|skill_charge_shot:4|skill_critical:4|skill_homing:4|skill_multishot:4|skill_pierce:4|skill_ricochet:3|skill_salvo:4|skill_slow_field:4|skill_split_shot:4,skill_barrier:4|skill_charge_shot:4|skill_critical:4|skill_homing:4|skill_multishot:4|skill_pierce:4|skill_ricochet:3|skill_salvo:4|skill_slow_field:4|skill_split_shot:4,484,336,13320,3874,952,1073,2310,2310,43,43,yes
072,char=vanguard@16;weapon=weapon_scattergun@50;armor=armor_kevlar@12;chip=chip_attack@14;pet=pet_turret_drone@10;sig=4,char=vanguard@16;weapon=weapon_scattergun@41;armor=armor_kevlar@12;chip=chip_attack@13;pet=pet_turret_drone@10;sig=4,skill_barrier:4|skill_charge_shot:4|skill_critical:4|skill_homing:4|skill_multishot:4|skill_pierce:4|skill_ricochet:3|skill_salvo:4|skill_slow_field:4|skill_split_shot:4,skill_barrier:4|skill_charge_shot:4|skill_critical:4|skill_homing:4|skill_multishot:4|skill_pierce:4|skill_ricochet:3|skill_salvo:4|skill_slow_field:4|skill_split_shot:4,630,754,13322,3677,3262,3383,2246,2246,45,45,yes
073,char=vanguard@17;weapon=weapon_scattergun@50;armor=armor_kevlar@12;chip=chip_attack@14;pet=pet_turret_drone@10;sig=4,char=vanguard@16;weapon=weapon_scattergun@41;armor=armor_kevlar@12;chip=chip_attack@13;pet=pet_turret_drone@11;sig=4,skill_barrier:4|skill_charge_shot:4|skill_critical:4|skill_homing:4|skill_multishot:4|skill_pierce:4|skill_ricochet:4|skill_salvo:4|skill_slow_field:4|skill_split_shot:4,skill_barrier:4|skill_charge_shot:4|skill_critical:4|skill_homing:4|skill_multishot:4|skill_pierce:4|skill_ricochet:4|skill_salvo:4|skill_slow_field:4|skill_split_shot:4,724,26,14319,4009,1508,1629,2482,2482,47,47,yes
074,char=vanguard@17;weapon=weapon_scattergun@50;armor=armor_kevlar@12;chip=chip_attack@14;pet=pet_turret_drone@10;sig=4,char=vanguard@16;weapon=weapon_scattergun@41;armor=armor_kevlar@12;chip=chip_attack@13;pet=pet_turret_drone@11;sig=4,skill_barrier:4|skill_charge_shot:4|skill_critical:4|skill_homing:4|skill_multishot:4|skill_pierce:4|skill_ricochet:4|skill_salvo:4|skill_slow_field:4|skill_split_shot:4,skill_barrier:4|skill_charge_shot:4|skill_critical:4|skill_homing:4|skill_multishot:4|skill_pierce:4|skill_ricochet:4|skill_salvo:4|skill_slow_field:4|skill_split_shot:4,901,605,12971,4871,3990,4111,2255,2255,49,49,yes
075,char=vanguard@18;weapon=weapon_scattergun@50;armor=armor_kevlar@13;chip=chip_attack@14;pet=pet_turret_drone@10;sig=4,char=vanguard@16;weapon=weapon_scattergun@42;armor=armor_kevlar@12;chip=chip_attack@13;pet=pet_turret_drone@11;sig=4,skill_barrier:4|skill_charge_shot:4|skill_critical:4|skill_homing:4|skill_multishot:4|skill_pierce:4|skill_ricochet:4|skill_salvo:4|skill_slow_field:4|skill_split_shot:4,skill_barrier:4|skill_charge_shot:4|skill_critical:4|skill_homing:4|skill_multishot:4|skill_pierce:4|skill_ricochet:4|skill_salvo:4|skill_slow_field:4|skill_split_shot:4,509,256,13604,5128,6245,6366,2155,2155,51,51,yes
076,char=vanguard@19;weapon=weapon_scattergun@50;armor=armor_kevlar@13;chip=chip_attack@15;pet=pet_turret_drone@10;sig=4,char=vanguard@16;weapon=weapon_scattergun@43;armor=armor_kevlar@12;chip=chip_attack@13;pet=pet_turret_drone@11;sig=4,skill_barrier:4|skill_charge_shot:4|skill_critical:4|skill_homing:4|skill_multishot:4|skill_pierce:4|skill_ricochet:4|skill_salvo:4|skill_slow_field:4|skill_split_shot:4,skill_barrier:4|skill_charge_shot:4|skill_critical:4|skill_homing:4|skill_multishot:5|skill_pierce:4|skill_ricochet:4|skill_salvo:4|skill_slow_field:4|skill_split_shot:4,303,38,14215,4425,8400,21,2359,2359,53,53,yes
077,char=vanguard@19;weapon=weapon_scattergun@50;armor=armor_kevlar@14;chip=chip_attack@15;pet=pet_turret_drone@10;sig=4,char=vanguard@16;weapon=weapon_scattergun@43;armor=armor_kevlar@12;chip=chip_attack@13;pet=pet_turret_drone@11;sig=4,skill_barrier:4|skill_charge_shot:4|skill_critical:4|skill_homing:4|skill_multishot:5|skill_pierce:4|skill_ricochet:4|skill_salvo:4|skill_slow_field:4|skill_split_shot:4,skill_barrier:4|skill_charge_shot:4|skill_critical:4|skill_homing:4|skill_multishot:5|skill_pierce:4|skill_ricochet:4|skill_salvo:4|skill_slow_field:4|skill_split_shot:4,505,273,13855,5028,2259,2380,2241,2241,55,55,yes
078,char=vanguard@19;weapon=weapon_scattergun@50;armor=armor_kevlar@14;chip=chip_attack@15;pet=pet_turret_drone@10;sig=4,char=vanguard@16;weapon=weapon_scattergun@43;armor=armor_kevlar@12;chip=chip_attack@13;pet=pet_turret_drone@11;sig=4,skill_barrier:4|skill_charge_shot:4|skill_critical:4|skill_homing:4|skill_multishot:5|skill_pierce:4|skill_ricochet:4|skill_salvo:4|skill_slow_field:4|skill_split_shot:4,skill_barrier:4|skill_charge_shot:4|skill_critical:4|skill_homing:4|skill_multishot:5|skill_pierce:4|skill_ricochet:4|skill_salvo:4|skill_slow_field:4|skill_split_shot:4,136,345,13843,4629,4500,4621,2371,2371,57,57,yes
079,char=vanguard@20;weapon=weapon_scattergun@50;armor=armor_kevlar@14;chip=chip_attack@16;pet=pet_turret_drone@11;sig=4,char=vanguard@16;weapon=weapon_scattergun@43;armor=armor_kevlar@12;chip=chip_attack@14;pet=pet_turret_drone@11;sig=4,skill_barrier:4|skill_charge_shot:4|skill_critical:4|skill_homing:4|skill_multishot:5|skill_pierce:4|skill_ricochet:4|skill_salvo:4|skill_slow_field:4|skill_split_shot:4,skill_barrier:4|skill_charge_shot:4|skill_critical:4|skill_homing:4|skill_multishot:5|skill_pierce:4|skill_ricochet:4|skill_salvo:4|skill_slow_field:4|skill_split_shot:4,924,307,14266,5106,6871,6992,2413,2413,59,59,yes
080,char=vanguard@20;weapon=weapon_scattergun@50;armor=armor_kevlar@14;chip=chip_attack@16;pet=pet_turret_drone@11;sig=4,char=vanguard@17;weapon=weapon_scattergun@43;armor=armor_kevlar@12;chip=chip_attack@14;pet=pet_turret_drone@11;sig=4,skill_barrier:4|skill_charge_shot:4|skill_critical:4|skill_homing:4|skill_multishot:5|skill_pierce:5|skill_ricochet:4|skill_salvo:4|skill_slow_field:4|skill_split_shot:4,skill_barrier:4|skill_charge_shot:4|skill_critical:4|skill_homing:4|skill_multishot:5|skill_pierce:5|skill_ricochet:4|skill_salvo:4|skill_slow_field:4|skill_split_shot:4,280,65,18596,5552,784,905,3406,3406,61,61,yes
081,char=vanguard@20;weapon=weapon_scattergun@50;armor=armor_kevlar@14;chip=chip_attack@16;pet=pet_turret_drone@11;sig=4,char=vanguard@17;weapon=weapon_scattergun@43;armor=armor_kevlar@12;chip=chip_attack@14;pet=pet_turret_drone@11;sig=4,skill_barrier:4|skill_charge_shot:4|skill_critical:4|skill_homing:4|skill_multishot:5|skill_pierce:5|skill_ricochet:4|skill_salvo:4|skill_slow_field:4|skill_split_shot:4,skill_barrier:4|skill_charge_shot:4|skill_critical:4|skill_homing:4|skill_multishot:5|skill_pierce:5|skill_ricochet:4|skill_salvo:4|skill_slow_field:4|skill_split_shot:4,664,493,14264,4340,4190,4311,2321,2321,63,63,yes
082,char=vanguard@21;weapon=weapon_scattergun@50;armor=armor_kevlar@15;chip=chip_attack@17;pet=pet_turret_drone@12;sig=4,char=vanguard@17;weapon=weapon_scattergun@43;armor=armor_kevlar@12;chip=chip_attack@14;pet=pet_turret_drone@11;sig=4,skill_barrier:4|skill_charge_shot:4|skill_critical:4|skill_homing:4|skill_multishot:5|skill_pierce:5|skill_ricochet:4|skill_salvo:4|skill_slow_field:4|skill_split_shot:4,skill_barrier:4|skill_charge_shot:4|skill_critical:4|skill_homing:4|skill_multishot:5|skill_pierce:5|skill_ricochet:4|skill_salvo:4|skill_slow_field:4|skill_split_shot:4,790,405,13694,4321,6511,6632,2303,2303,65,65,yes
083,char=vanguard@21;weapon=weapon_scattergun@50;armor=armor_kevlar@15;chip=chip_attack@17;pet=pet_turret_drone@12;sig=4,char=vanguard@17;weapon=weapon_scattergun@43;armor=armor_kevlar@12;chip=chip_attack@14;pet=pet_turret_drone@11;sig=4,skill_barrier:4|skill_charge_shot:4|skill_critical:4|skill_homing:5|skill_multishot:5|skill_pierce:5|skill_ricochet:4|skill_salvo:4|skill_slow_field:4|skill_split_shot:4,skill_barrier:4|skill_charge_shot:4|skill_critical:4|skill_homing:5|skill_multishot:5|skill_pierce:5|skill_ricochet:4|skill_salvo:4|skill_slow_field:4|skill_split_shot:4,708,822,14280,5186,314,435,2370,2370,67,67,yes
084,char=vanguard@22;weapon=weapon_scattergun@50;armor=armor_kevlar@15;chip=chip_attack@18;pet=pet_turret_drone@12;sig=4,char=vanguard@17;weapon=weapon_scattergun@44;armor=armor_kevlar@12;chip=chip_attack@14;pet=pet_turret_drone@11;sig=4,skill_barrier:4|skill_charge_shot:4|skill_critical:4|skill_homing:5|skill_multishot:5|skill_pierce:5|skill_ricochet:4|skill_salvo:4|skill_slow_field:4|skill_split_shot:4,skill_barrier:4|skill_charge_shot:4|skill_critical:4|skill_homing:5|skill_multishot:5|skill_pierce:5|skill_ricochet:4|skill_salvo:4|skill_slow_field:4|skill_split_shot:4,1036,536,15550,4434,2684,2805,2597,2597,69,69,yes
085,char=vanguard@23;weapon=weapon_scattergun@50;armor=armor_kevlar@16;chip=chip_attack@18;pet=pet_turret_drone@12;sig=4,char=vanguard@17;weapon=weapon_scattergun@44;armor=armor_kevlar@13;chip=chip_attack@14;pet=pet_turret_drone@11;sig=4,skill_barrier:4|skill_charge_shot:4|skill_critical:4|skill_homing:5|skill_multishot:5|skill_pierce:5|skill_ricochet:4|skill_salvo:4|skill_slow_field:4|skill_split_shot:4,skill_barrier:4|skill_charge_shot:4|skill_critical:4|skill_homing:5|skill_multishot:5|skill_pierce:5|skill_ricochet:4|skill_salvo:4|skill_slow_field:4|skill_split_shot:4,888,66,19557,6123,5281,5402,3478,3484,71,71,yes
086,char=vanguard@23;weapon=weapon_scattergun@50;armor=armor_kevlar@16;chip=chip_attack@18;pet=pet_turret_drone@12;sig=4,char=vanguard@17;weapon=weapon_scattergun@45;armor=armor_kevlar@13;chip=chip_attack@14;pet=pet_turret_drone@11;sig=4,skill_barrier:5|skill_charge_shot:4|skill_critical:4|skill_homing:5|skill_multishot:5|skill_pierce:5|skill_ricochet:4|skill_salvo:4|skill_slow_field:4|skill_split_shot:4,skill_barrier:5|skill_charge_shot:4|skill_critical:4|skill_homing:5|skill_multishot:5|skill_pierce:5|skill_ricochet:4|skill_salvo:4|skill_slow_field:4|skill_split_shot:4,203,591,15640,5856,259,386,2605,2605,73,73,yes
087,char=vanguard@23;weapon=weapon_scattergun@50;armor=armor_kevlar@17;chip=chip_attack@19;pet=pet_turret_drone@13;sig=4,char=vanguard@17;weapon=weapon_scattergun@46;armor=armor_kevlar@13;chip=chip_attack@14;pet=pet_turret_drone@11;sig=4,skill_barrier:5|skill_charge_shot:4|skill_critical:4|skill_homing:5|skill_multishot:5|skill_pierce:5|skill_ricochet:4|skill_salvo:4|skill_slow_field:4|skill_split_shot:4,skill_barrier:5|skill_charge_shot:4|skill_critical:4|skill_homing:5|skill_multishot:5|skill_pierce:5|skill_ricochet:4|skill_salvo:4|skill_slow_field:4|skill_split_shot:4,288,723,16969,5691,2864,2991,2931,2931,75,75,yes
088,char=vanguard@24;weapon=weapon_scattergun@50;armor=armor_kevlar@18;chip=chip_attack@19;pet=pet_turret_drone@13;sig=4,char=vanguard@17;weapon=weapon_scattergun@47;armor=armor_kevlar@13;chip=chip_attack@14;pet=pet_turret_drone@11;sig=4,skill_barrier:5|skill_charge_shot:4|skill_critical:4|skill_homing:5|skill_multishot:5|skill_pierce:5|skill_ricochet:4|skill_salvo:4|skill_slow_field:4|skill_split_shot:4,skill_barrier:5|skill_charge_shot:4|skill_critical:4|skill_homing:5|skill_multishot:5|skill_pierce:5|skill_ricochet:4|skill_salvo:4|skill_slow_field:4|skill_split_shot:4,24,564,17940,5264,5795,5922,3046,3046,77,77,yes
089,char=vanguard@24;weapon=weapon_scattergun@50;armor=armor_kevlar@18;chip=chip_attack@20;pet=pet_turret_drone@13;sig=4,char=vanguard@17;weapon=weapon_scattergun@47;armor=armor_kevlar@13;chip=chip_attack@15;pet=pet_turret_drone@11;sig=4,skill_barrier:5|skill_charge_shot:4|skill_critical:4|skill_homing:5|skill_multishot:5|skill_pierce:5|skill_ricochet:4|skill_salvo:5|skill_slow_field:4|skill_split_shot:4,skill_barrier:5|skill_charge_shot:4|skill_critical:4|skill_homing:5|skill_multishot:5|skill_pierce:5|skill_ricochet:4|skill_salvo:5|skill_slow_field:4|skill_split_shot:4,996,124,18112,4174,341,468,2934,2934,79,79,yes
090,char=vanguard@25;weapon=weapon_scattergun@50;armor=armor_kevlar@18;chip=chip_attack@20;pet=pet_turret_drone@15;sig=4,char=vanguard@17;weapon=weapon_scattergun@47;armor=armor_kevlar@14;chip=chip_attack@15;pet=pet_turret_drone@11;sig=4,skill_barrier:5|skill_charge_shot:4|skill_critical:4|skill_homing:5|skill_multishot:5|skill_pierce:5|skill_ricochet:4|skill_salvo:5|skill_slow_field:4|skill_split_shot:4,skill_barrier:5|skill_charge_shot:4|skill_critical:4|skill_homing:5|skill_multishot:5|skill_pierce:5|skill_ricochet:4|skill_salvo:5|skill_slow_field:4|skill_split_shot:4,124,121,19390,4632,3275,3402,3238,3314,81,81,yes
091,char=vanguard@25;weapon=weapon_scattergun@50;armor=armor_kevlar@18;chip=chip_attack@20;pet=pet_turret_drone@15;sig=4,char=vanguard@17;weapon=weapon_scattergun@47;armor=armor_kevlar@14;chip=chip_attack@15;pet=pet_turret_drone@11;sig=4,skill_barrier:5|skill_charge_shot:4|skill_critical:4|skill_homing:5|skill_multishot:5|skill_pierce:5|skill_ricochet:4|skill_salvo:5|skill_slow_field:4|skill_split_shot:4,skill_barrier:5|skill_charge_shot:4|skill_critical:4|skill_homing:5|skill_multishot:5|skill_pierce:5|skill_ricochet:4|skill_salvo:5|skill_slow_field:4|skill_split_shot:4,1186,87,14370,4745,6513,6716,2137,2142,83,83,yes
092,char=vanguard@26;weapon=weapon_scattergun@50;armor=armor_kevlar@18;chip=chip_attack@20;pet=pet_turret_drone@15;sig=4,char=vanguard@17;weapon=weapon_scattergun@47;armor=armor_kevlar@14;chip=chip_attack@15;pet=pet_turret_drone@11;sig=4,skill_barrier:5|skill_charge_shot:5|skill_critical:4|skill_homing:5|skill_multishot:5|skill_pierce:5|skill_ricochet:4|skill_salvo:5|skill_slow_field:4|skill_split_shot:4,skill_barrier:5|skill_charge_shot:5|skill_critical:4|skill_homing:5|skill_multishot:5|skill_pierce:5|skill_ricochet:4|skill_salvo:5|skill_slow_field:4|skill_split_shot:4,687,704,18866,6845,150,358,3045,3055,85,85,yes
093,char=vanguard@26;weapon=weapon_scattergun@50;armor=armor_kevlar@18;chip=chip_attack@21;pet=pet_turret_drone@15;sig=4,char=vanguard@17;weapon=weapon_scattergun@48;armor=armor_kevlar@14;chip=chip_attack@16;pet=pet_turret_drone@11;sig=4,skill_barrier:5|skill_charge_shot:5|skill_critical:4|skill_homing:5|skill_multishot:5|skill_pierce:5|skill_ricochet:4|skill_salvo:5|skill_slow_field:4|skill_split_shot:4,skill_barrier:5|skill_charge_shot:5|skill_critical:4|skill_homing:5|skill_multishot:5|skill_pierce:5|skill_ricochet:4|skill_salvo:5|skill_slow_field:4|skill_split_shot:4,1335,439,14405,5841,3195,3413,1858,1862,87,87,yes
094,char=vanguard@26;weapon=weapon_scattergun@50;armor=armor_kevlar@18;chip=chip_attack@21;pet=pet_turret_drone@15;sig=4,char=vanguard@17;weapon=weapon_scattergun@49;armor=armor_kevlar@14;chip=chip_attack@16;pet=pet_turret_drone@11;sig=4,skill_barrier:5|skill_charge_shot:5|skill_critical:4|skill_homing:5|skill_multishot:5|skill_pierce:5|skill_ricochet:4|skill_salvo:5|skill_slow_field:4|skill_split_shot:4,skill_barrier:5|skill_charge_shot:5|skill_critical:4|skill_homing:5|skill_multishot:5|skill_pierce:5|skill_ricochet:4|skill_salvo:5|skill_slow_field:4|skill_split_shot:4,734,178,20278,6387,5053,5275,3316,3335,89,89,yes
095,char=vanguard@27;weapon=weapon_scattergun@50;armor=armor_kevlar@19;chip=chip_attack@22;pet=pet_turret_drone@15;sig=4,char=vanguard@17;weapon=weapon_scattergun@50;armor=armor_kevlar@14;chip=chip_attack@16;pet=pet_turret_drone@11;sig=4,skill_barrier:5|skill_charge_shot:5|skill_critical:4|skill_homing:5|skill_multishot:5|skill_pierce:5|skill_ricochet:4|skill_salvo:5|skill_slow_field:4|skill_split_shot:4,skill_barrier:5|skill_charge_shot:5|skill_critical:4|skill_homing:5|skill_multishot:5|skill_pierce:5|skill_ricochet:4|skill_salvo:5|skill_slow_field:5|skill_split_shot:4,572,337,18715,5392,8369,110,2840,2844,91,91,yes
096,char=vanguard@27;weapon=weapon_scattergun@50;armor=armor_kevlar@19;chip=chip_attack@22;pet=pet_turret_drone@15;sig=5,char=vanguard@17;weapon=weapon_scattergun@50;armor=armor_kevlar@14;chip=chip_attack@17;pet=pet_turret_drone@11;sig=4,skill_barrier:5|skill_charge_shot:5|skill_critical:4|skill_homing:5|skill_multishot:5|skill_pierce:5|skill_ricochet:4|skill_salvo:5|skill_slow_field:4|skill_split_shot:4,skill_barrier:5|skill_charge_shot:5|skill_critical:4|skill_homing:5|skill_multishot:5|skill_pierce:5|skill_ricochet:4|skill_salvo:5|skill_slow_field:5|skill_split_shot:4,1159,393,18857,7887,209,2954,2892,2903,93,93,yes
097,char=vanguard@28;weapon=weapon_scattergun@50;armor=armor_kevlar@20;chip=chip_attack@22;pet=pet_turret_drone@15;sig=5,char=vanguard@18;weapon=weapon_scattergun@50;armor=armor_kevlar@15;chip=chip_attack@17;pet=pet_turret_drone@11;sig=4,skill_barrier:5|skill_charge_shot:5|skill_critical:4|skill_homing:5|skill_multishot:5|skill_pierce:5|skill_ricochet:4|skill_salvo:5|skill_slow_field:4|skill_split_shot:4,skill_barrier:5|skill_charge_shot:5|skill_critical:4|skill_homing:5|skill_multishot:5|skill_pierce:5|skill_ricochet:4|skill_salvo:5|skill_slow_field:5|skill_split_shot:4,478,453,18636,7310,3101,5857,2743,2752,95,95,yes
098,char=vanguard@28;weapon=weapon_scattergun@50;armor=armor_kevlar@20;chip=chip_attack@22;pet=pet_turret_drone@15;sig=5,char=vanguard@18;weapon=weapon_scattergun@50;armor=armor_kevlar@15;chip=chip_attack@17;pet=pet_turret_drone@12;sig=4,skill_barrier:5|skill_charge_shot:5|skill_critical:4|skill_homing:5|skill_multishot:5|skill_pierce:5|skill_ricochet:4|skill_salvo:5|skill_slow_field:4|skill_split_shot:4,skill_barrier:5|skill_charge_shot:5|skill_critical:4|skill_homing:5|skill_multishot:5|skill_pierce:5|skill_ricochet:4|skill_salvo:5|skill_slow_field:5|skill_split_shot:5,370,195,18703,7291,5844,109,2650,2664,97,97,yes
099,char=vanguard@28;weapon=weapon_scattergun@50;armor=armor_kevlar@20;chip=chip_attack@23;pet=pet_turret_drone@16;sig=5,char=vanguard@19;weapon=weapon_scattergun@50;armor=armor_kevlar@16;chip=chip_attack@17;pet=pet_turret_drone@12;sig=4,skill_barrier:5|skill_charge_shot:5|skill_critical:4|skill_homing:5|skill_multishot:5|skill_pierce:5|skill_ricochet:4|skill_salvo:5|skill_slow_field:4|skill_split_shot:4,skill_barrier:5|skill_charge_shot:5|skill_critical:4|skill_homing:5|skill_multishot:5|skill_pierce:5|skill_ricochet:4|skill_salvo:5|skill_slow_field:5|skill_split_shot:5,341,22,21391,6351,8494,2773,3217,3147,99,99,yes
