level,old_star,new_star,delta,old_source,new_median_base_pct,wins,runs
001,3,3,0,pre_boss_siege_2026_10_01,100.0000,10,10
002,3,3,0,pre_boss_siege_2026_10_01,100.0000,10,10
003,3,3,0,pre_boss_siege_2026_10_01,100.0000,10,10
004,3,3,0,pre_boss_siege_2026_10_01,100.0000,10,10
005,3,3,0,pre_boss_siege_2026_10_01,100.0000,10,10
006,3,3,0,pre_boss_siege_2026_10_01,100.0000,10,10
007,3,3,0,pre_boss_siege_2026_10_01,100.0000,10,10
008,3,3,0,pre_boss_siege_2026_10_01,100.0000,10,10
009,3,3,0,pre_boss_siege_2026_10_01,100.0000,10,10
010,3,3,0,pre_boss_siege_2026_10_01,100.0000,10,10
011,3,3,0,pre_boss_siege_2026_10_01,100.0000,10,10
012,3,3,0,pre_boss_siege_2026_10_01,100.0000,10,10
013,3,3,0,pre_boss_siege_2026_10_01,100.0000,10,10
014,3,3,0,pre_boss_siege_2026_10_01,100.0000,10,10
015,3,3,0,pre_boss_siege_2026_10_01,100.0000,9,10
016,3,3,0,pre_boss_siege_2026_10_01,100.0000,10,10
017,3,3,0,pre_boss_siege_2026_10_01,92.2179,7,10
018,0,0,0,pre_boss_siege_2026_10_01,0.0000,3,10
019,0,0,0,pre_boss_siege_2026_10_01,0.0000,4,10
020,2,2,0,pre_boss_siege_2026_10_01,47.2242,6,10
021,3,3,0,pre_boss_siege_2026_10_01,100.0000,10,10
022,3,3,0,pre_boss_siege_2026_10_01,100.0000,10,10
023,3,3,0,pre_boss_siege_2026_10_01,100.0000,10,10
024,3,3,0,pre_boss_siege_2026_10_01,78.3811,10,10
025,3,3,0,pre_boss_siege_2026_10_01,91.8966,10,10
026,3,3,0,pre_boss_siege_2026_10_01,97.2689,10,10
027,2,2,0,pre_boss_siege_2026_10_01,61.1910,10,10
028,3,3,0,pre_boss_siege_2026_10_01,100.0000,10,10
029,3,3,0,pre_boss_siege_2026_10_01,100.0000,10,10
030,1,1,0,pre_boss_siege_2026_10_01,12.4467,7,10
031,3,3,0,pre_boss_siege_2026_10_01,100.0000,10,10
032,3,3,0,pre_boss_siege_2026_10_01,100.0000,7,10
033,3,3,0,pre_boss_siege_2026_10_01,100.0000,10,10
034,0,0,0,pre_boss_siege_2026_10_01,50.0000,5,10
035,3,3,0,pre_boss_siege_2026_10_01,96.7990,10,10
036,3,3,0,pre_boss_siege_2026_10_01,100.0000,10,10
037,3,3,0,pre_boss_siege_2026_10_01,98.6667,10,10
038,3,3,0,pre_boss_siege_2026_10_01,99.7778,7,10
039,1,1,0,pre_boss_siege_2026_10_01,16.8850,6,10
040,1,0,-1,pre_boss_siege_2026_10_01,3.8198,5,10
041,3,3,0,pre_boss_siege_2026_10_01,100.0000,10,10
042,3,3,0,pre_boss_siege_2026_10_01,100.0000,10,10
043,3,3,0,pre_boss_siege_2026_10_01,100.0000,9,10
044,3,3,0,pre_boss_siege_2026_10_01,72.8155,7,10
045,3,3,0,pre_boss_siege_2026_10_01,96.9697,10,10
046,3,3,0,pre_boss_siege_2026_10_01,100.0000,10,10
047,3,3,0,pre_boss_siege_2026_10_01,100.0000,10,10
048,3,3,0,pre_boss_siege_2026_10_01,100.0000,10,10
049,3,3,0,pre_boss_siege_2026_10_01,86.7008,10,10
050,2,2,0,pre_boss_siege_2026_10_01,69.9396,10,10
051,3,3,0,pre_boss_siege_2026_10_01,100.0000,10,10
052,3,3,0,pre_boss_siege_2026_10_01,100.0000,10,10
053,3,3,0,pre_boss_siege_2026_10_01,100.0000,10,10
054,3,3,0,pre_boss_siege_2026_10_01,100.0000,10,10
055,3,3,0,pre_boss_siege_2026_10_01,79.1244,10,10
056,3,3,0,pre_boss_siege_2026_10_01,100.0000,10,10
057,3,3,0,pre_boss_siege_2026_10_01,86.6484,10,10
058,3,3,0,pre_boss_siege_2026_10_01,91.5401,9,10
059,3,3,0,pre_boss_siege_2026_10_01,95.3830,10,10
060,3,3,0,pre_boss_siege_2026_10_01,90.8422,10,10
061,3,3,0,pre_boss_siege_2026_10_01,100.0000,10,10
062,3,3,0,pre_boss_siege_2026_10_01,100.0000,10,10
063,3,3,0,pre_boss_siege_2026_10_01,100.0000,10,10
064,3,3,0,pre_boss_siege_2026_10_01,100.0000,10,10
065,3,3,0,pre_boss_siege_2026_10_01,74.9417,10,10
066,3,3,0,pre_boss_siege_2026_10_01,73.3941,10,10
067,3,3,0,pre_boss_siege_2026_10_01,81.9905,10,10
068,3,3,0,pre_boss_siege_2026_10_01,88.5514,10,10
069,3,3,0,pre_boss_siege_2026_10_01,100.0000,10,10
070,2,2,0,pre_boss_siege_2026_10_01,65.3763,10,10
071,3,3,0,pre_boss_siege_2026_10_01,100.0000,10,10
072,3,3,0,pre_boss_siege_2026_10_01,100.0000,10,10
073,3,3,0,pre_boss_siege_2026_10_01,100.0000,10,10
074,3,3,0,pre_boss_siege_2026_10_01,87.8289,10,10
075,2,2,0,pre_boss_siege_2026_10_01,58.8293,10,10
076,3,3,0,pre_boss_siege_2026_10_01,81.6492,10,10
077,3,3,0,pre_boss_siege_2026_10_01,89.7600,10,10
078,3,3,0,pre_boss_siege_2026_10_01,87.1734,10,10
079,3,3,0,pre_boss_siege_2026_10_01,88.0486,10,10
080,2,2,0,pre_boss_siege_2026_10_01,59.4603,10,10
081,3,3,0,pre_boss_siege_2026_10_01,100.0000,10,10
082,3,3,0,pre_boss_siege_2026_10_01,100.0000,10,10
083,3,3,0,pre_boss_siege_2026_10_01,95.9289,10,10
084,3,3,0,pre_boss_siege_2026_10_01,98.7292,10,10
085,3,3,0,pre_boss_siege_2026_10_01,85.9756,10,10
086,3,3,0,pre_boss_siege_2026_10_01,90.6033,10,10
087,3,3,0,pre_boss_siege_2026_10_01,93.4325,10,10
088,3,3,0,pre_boss_siege_2026_10_01,90.9379,10,10
089,3,3,0,pre_boss_siege_2026_10_01,99.8953,10,10
090,2,2,0,pre_boss_siege_2026_10_01,38.1443,10,10
091,3,3,0,pre_boss_siege_2026_10_01,100.0000,10,10
092,3,3,0,pre_boss_siege_2026_10_01,93.1699,10,10
093,3,3,0,pre_boss_siege_2026_10_01,93.8917,10,10
094,3,3,0,pre_boss_siege_2026_10_01,97.6809,10,10
095,3,3,0,pre_boss_siege_2026_10_01,73.1298,10,10
096,3,3,0,pre_boss_siege_2026_10_01,83.4860,10,10
097,3,3,0,pre_boss_siege_2026_10_01,89.1832,10,10
098,3,3,0,pre_boss_siege_2026_10_01,90.0968,10,10
099,3,3,0,pre_boss_siege_2026_10_01,97.4359,10,10
