fire_rate_profile,level,chapter,grade,grade_zh,max_progress_pct,base_hp_pct,cleared,edge_reached,timed_out,unwinnable_reason,clear_time_seconds,clear_time_cap_seconds,weapon,character_level,weapon_level,armor_level,chip_level,pet_level,signature_level,gold_before,xp_before,stars_before,crowd_dps,boss_dps
tier_b,1,1,easy,轻松,1.1,100.0,True,False,False,,71.037,180.0,weapon_autocannon,1,1,0,0,0,0,0,0,0,747.08,114.02
tier_b,2,1,easy,轻松,0.98,100.0,True,False,False,,74.967,180.0,weapon_autocannon,2,3,0,0,0,0,59,249,2,1026.68,156.69
tier_b,3,1,easy,轻松,0.76,100.0,True,False,False,,76.342,180.0,weapon_autocannon,3,4,0,0,0,0,241,302,4,1105.63,168.74
tier_b,4,1,easy,轻松,0.63,100.0,True,False,False,,71.884,180.0,weapon_autocannon,4,5,0,0,0,0,329,328,6,1229.32,184.11
tier_b,5,1,light_pressure,略有压力,70.65,100.0,True,False,False,,78.09,180.0,weapon_autocannon,4,6,0,0,0,0,349,86,0,1469.61,336.43
tier_b,6,1,easy,轻松,0.89,100.0,True,False,False,,106.311,180.0,weapon_autocannon,5,7,0,0,0,0,33,179,2,1667.46,254.48
tier_b,7,1,easy,轻松,1.2,100.0,True,False,False,,67.315,180.0,weapon_autocannon,5,8,0,0,0,0,136,345,4,1629.43,244.04
tier_b,8,1,easy,轻松,0.96,100.0,True,False,False,,105.203,180.0,weapon_autocannon,5,9,0,0,0,1,32,13,6,1963.69,294.1
tier_b,9,1,easy,轻松,1.04,100.0,True,False,False,,91.232,180.0,weapon_autocannon,5,10,4,0,0,1,306,273,0,2105.01,304.33
tier_b,10,1,light_pressure,略有压力,68.73,100.0,True,False,False,,73.521,180.0,weapon_autocannon,6,11,4,0,0,1,259,315,2,2523.71,566.95
tier_b,11,2,easy,轻松,1.62,100.0,True,False,False,,118.91,180.0,weapon_autocannon,6,12,5,0,0,1,143,655,4,2512.7,376.32
tier_b,12,2,easy,轻松,0.83,100.0,True,False,False,,93.766,180.0,weapon_autocannon,7,13,5,0,0,1,435,351,6,2806.02,405.67
tier_b,13,2,easy,轻松,0.87,100.0,True,False,False,,121.467,180.0,weapon_autocannon,7,14,6,0,0,1,80,116,8,2973.01,445.26
tier_b,14,2,easy,轻松,0.66,100.0,True,False,False,,112.702,180.0,weapon_autocannon,7,15,6,0,0,1,241,733,1,3221.85,444.77
tier_b,15,2,high,难度高,100.0,98.38,True,True,False,,96.099,180.0,weapon_scattergun,7,6,6,0,0,1,87,484,3,3753.46,773.42
tier_b,16,2,easy,轻松,0.78,100.0,True,False,False,,125.751,180.0,weapon_scattergun,8,8,6,0,0,1,40,329,5,5064.29,695.69
tier_b,17,2,easy,轻松,0.59,100.0,True,False,False,,109.732,180.0,weapon_scattergun,8,9,7,0,0,1,123,244,7,5437.27,746.92
tier_b,18,2,easy,轻松,0.6,100.0,True,False,False,,112.414,180.0,weapon_scattergun,9,10,8,0,0,1,241,154,9,5794.11,738.17
tier_b,19,2,easy,轻松,0.88,100.0,True,False,False,,92.512,180.0,weapon_scattergun,9,11,8,0,0,1,28,675,11,6187.35,788.27
tier_b,20,2,high,难度高,100.0,98.07,True,True,False,,98.603,180.0,weapon_scattergun,10,12,8,0,0,2,633,278,13,7845.32,1499.24
tier_b,21,3,easy,轻松,0.65,100.0,True,False,False,,109.029,180.0,weapon_scattergun,10,13,9,0,0,2,156,307,1,8438.51,1002.32
tier_b,22,3,easy,轻松,1.02,100.0,True,False,False,,120.106,180.0,weapon_scattergun,10,14,9,0,0,2,402,108,3,8951.84,1063.29
tier_b,23,3,easy,轻松,1.03,100.0,True,False,False,,94.659,180.0,weapon_scattergun,10,15,9,0,0,2,519,846,5,9478.42,1125.84
tier_b,24,3,easy,轻松,0.83,100.0,True,False,False,,103.23,180.0,weapon_scattergun,10,16,9,0,0,2,724,816,7,10018.25,1189.96
tier_b,25,3,high,难度高,100.0,96.72,True,True,False,,108.364,180.0,weapon_scattergun,10,17,9,0,0,2,35,713,1,10682.82,2230.49
tier_b,26,3,easy,轻松,0.97,100.0,True,False,False,,112.139,180.0,weapon_scattergun,10,18,10,0,0,2,174,1648,3,10718.94,1426.68
tier_b,27,3,easy,轻松,1.04,100.0,True,False,False,,96.303,180.0,weapon_scattergun,10,19,10,0,0,2,726,583,5,11276.72,1500.92
tier_b,28,3,easy,轻松,0.91,100.0,True,False,False,,102.3,180.0,weapon_scattergun,10,20,10,0,0,2,681,1319,7,11847.25,1576.86
tier_b,29,3,easy,轻松,0.56,100.0,True,False,False,,104.855,180.0,weapon_scattergun,10,21,10,7,0,2,278,164,1,15944.61,2122.21
tier_b,30,3,high,难度高,100.0,96.98,True,True,False,,125.589,180.0,weapon_scattergun,10,22,10,7,0,2,50,1028,3,17544.94,3663.25
tier_b,31,4,easy,轻松,0.63,100.0,True,False,False,,98.213,180.0,weapon_scattergun,10,23,10,7,0,2,167,1856,5,17490.01,2327.9
tier_b,32,4,easy,轻松,0.43,100.0,True,False,False,,108.07,180.0,weapon_scattergun,10,24,10,7,0,2,37,822,7,23656.13,3144.92
tier_b,33,4,easy,轻松,0.61,100.0,True,False,False,,94.005,180.0,weapon_scattergun,10,25,10,7,0,2,433,1729,1,21154.16,2311.18
tier_b,34,4,easy,轻松,0.48,100.0,True,False,False,,116.812,180.0,weapon_scattergun,10,26,10,8,0,2,84,456,3,26458.21,3517.44
tier_b,35,4,light_pressure,略有压力,99.92,100.0,True,False,False,,86.519,180.0,weapon_scattergun,10,27,10,8,0,2,243,1414,5,27581.66,5500.19
tier_b,36,4,easy,轻松,0.68,100.0,True,False,False,,95.856,180.0,weapon_scattergun,10,28,10,9,0,2,344,763,7,25038.01,2920.95
tier_b,37,4,easy,轻松,0.39,100.0,True,False,False,,109.916,180.0,weapon_scattergun,10,29,10,9,0,2,536,1774,9,30656.62,4075.59
tier_b,38,4,easy,轻松,0.62,100.0,True,False,False,,119.123,180.0,weapon_scattergun,10,30,10,10,0,2,211,930,11,27968.5,3055.68
tier_b,39,4,easy,轻松,0.3,100.0,True,False,False,,124.944,180.0,weapon_scattergun,10,31,10,10,0,2,289,125,13,33939.92,4512.08
tier_b,40,4,high,难度高,100.0,98.64,True,True,False,,99.397,180.0,weapon_scattergun,10,32,10,10,0,2,478,1101,15,35234.77,7026.34
tier_b,41,5,easy,轻松,0.36,100.0,True,False,False,,112.516,180.0,weapon_scattergun,10,33,10,10,0,2,370,409,1,36036.06,3624.17
tier_b,42,5,easy,轻松,0.29,100.0,True,False,False,,121.432,180.0,weapon_scattergun,10,34,10,10,0,2,28,1719,3,38217.49,5016.17
tier_b,43,5,easy,轻松,0.57,100.0,True,False,False,,129.317,180.0,weapon_scattergun,10,35,10,10,0,3,93,83,5,41007.83,4174.81
tier_b,44,5,easy,轻松,0.32,100.0,True,False,False,,103.271,180.0,weapon_scattergun,10,36,10,11,0,3,28,1394,7,48695.6,5938.52
tier_b,45,5,high,难度高,100.0,98.75,True,True,False,,101.849,180.0,weapon_scattergun,10,37,10,11,0,3,199,640,9,50383.71,9216.58
tier_b,46,5,easy,轻松,0.51,100.0,True,False,False,,121.881,180.0,weapon_scattergun,10,38,10,11,0,3,802,14,1,49192.24,5234.68
tier_b,47,5,easy,轻松,0.34,100.0,True,False,False,,130.885,180.0,weapon_scattergun,11,39,10,11,0,3,132,1340,3,52640.45,7327.28
tier_b,48,5,easy,轻松,0.88,100.0,True,False,False,,104.916,180.0,weapon_scattergun,11,40,10,11,0,3,534,2398,5,49201.61,5523.4
tier_b,49,5,easy,轻松,0.4,100.0,True,False,False,,109.798,180.0,weapon_scattergun,11,41,10,11,0,3,425,3810,7,50791.87,5701.93
tier_b,50,5,high,难度高,100.0,98.46,True,True,False,,122.105,180.0,weapon_scattergun,11,42,10,11,6,3,552,1013,1,77624.09,16207.32
tier_b,51,6,easy,轻松,27.15,100.0,True,False,False,,36.558,180.0,weapon_scattergun,11,43,10,11,6,3,34,2828,3,90012.75,11594.37
tier_b,52,6,easy,轻松,1.15,100.0,True,False,False,,26.772,180.0,weapon_scattergun,11,43,10,11,6,3,349,3776,5,80497.03,7387.59
tier_b,53,6,easy,轻松,13.58,100.0,True,False,False,,22.359,180.0,weapon_scattergun,11,43,10,11,7,3,272,1543,7,86944.5,8428.81
tier_b,54,6,easy,轻松,22.84,100.0,True,False,False,,29.012,180.0,weapon_scattergun,11,43,10,11,7,3,497,2879,9,80716.49,8818.62
tier_b,55,6,easy,轻松,22.7,100.0,True,False,False,,48.207,180.0,weapon_scattergun,12,43,10,11,7,3,455,550,11,143717.79,30631.44
tier_b,56,6,easy,轻松,19.07,100.0,True,False,False,,27.333,180.0,weapon_scattergun,13,43,10,11,7,3,146,2348,13,89011.04,8168.96
tier_b,57,6,easy,轻松,14.34,100.0,True,False,False,,61.171,180.0,weapon_scattergun,13,43,10,11,7,3,561,3897,15,94351.71,8659.09
tier_b,58,6,easy,轻松,27.86,100.0,True,False,False,,38.488,180.0,weapon_scattergun,13,43,10,11,7,3,2,1427,17,101900.69,12820.69
tier_b,59,6,light_pressure,略有压力,52.84,100.0,True,False,False,,44.681,180.0,weapon_scattergun,14,43,10,11,7,3,296,3050,19,104804.19,9618.37
tier_b,60,6,unwinnable,不可胜,100.0,0.0,False,True,False,base_destroyed,113.986,190.0,weapon_scattergun,14,43,10,11,7,3,175,905,21,109651.14,15094.79
tier_b,61,7,easy,轻松,0.51,100.0,True,False,False,,117.285,190.0,weapon_scattergun,14,44,10,12,8,3,45,3154,23,111665.04,11206.42
tier_b,62,7,easy,轻松,0.35,100.0,True,False,False,,122.483,190.0,weapon_scattergun,15,45,10,12,8,3,161,684,25,143407.84,18042.93
tier_b,63,7,easy,轻松,0.36,100.0,True,False,False,,118.386,190.0,weapon_scattergun,15,46,10,12,8,3,129,2360,27,142695.73,12947.7
tier_b,64,7,easy,轻松,0.38,100.0,True,False,False,,141.651,190.0,weapon_scattergun,15,47,11,12,8,3,155,3613,29,130892.52,16468.31
tier_b,65,7,high,难度高,100.0,98.48,True,True,False,,119.566,190.0,weapon_scattergun,15,48,11,12,9,4,43,226,31,168385.05,25348.03
tier_b,66,7,easy,轻松,0.31,100.0,True,False,False,,123.699,190.0,weapon_scattergun,15,49,11,12,9,4,508,2560,33,170926.25,15509.24
tier_b,67,7,easy,轻松,0.23,100.0,True,False,False,,117.996,190.0,weapon_scattergun,15,50,11,13,9,4,641,757,35,184884.63,23261.35
tier_b,68,7,easy,轻松,0.46,100.0,True,False,False,,143.465,190.0,weapon_scattergun,15,50,12,13,9,4,325,2488,37,181949.73,18260.01
tier_b,69,7,easy,轻松,0.5,100.0,True,False,False,,115.165,190.0,weapon_scattergun,15,50,12,14,9,4,29,714,39,233254.65,26299.69
tier_b,70,7,unwinnable,不可胜,100.0,0.0,False,True,False,base_destroyed,121.772,245.0,weapon_scattergun,15,50,12,14,9,4,448,2570,41,232048.16,39245.49
tier_b,71,8,easy,轻松,0.35,100.0,True,False,False,,136.788,245.0,weapon_scattergun,15,50,12,14,10,4,484,952,43,203385.17,22931.88
tier_b,72,8,easy,轻松,0.33,100.0,True,False,False,,147.228,245.0,weapon_scattergun,16,50,12,14,10,4,630,3262,45,244888.97,27611.47
tier_b,73,8,easy,轻松,0.25,100.0,True,False,False,,117.587,245.0,weapon_scattergun,17,50,12,14,10,4,724,1508,47,335012.95,27510.19
tier_b,74,8,easy,轻松,0.26,100.0,True,False,False,,128.049,245.0,weapon_scattergun,17,50,12,14,10,4,901,3990,49,255285.84,28783.73
tier_b,75,8,unwinnable,不可胜,100.0,0.0,False,True,False,base_destroyed,136.552,245.0,weapon_scattergun,18,50,13,14,10,4,509,6245,51,265897.11,44970.24
tier_b,76,8,easy,轻松,0.24,100.0,True,False,False,,146.793,245.0,weapon_scattergun,19,50,13,15,10,4,303,8400,53,282810.67,31887.18
tier_b,77,8,easy,轻松,0.43,100.0,True,False,False,,118.84,245.0,weapon_scattergun,19,50,14,15,10,4,505,2259,55,371133.94,30476.33
tier_b,78,8,easy,轻松,0.41,100.0,True,False,False,,130.768,245.0,weapon_scattergun,19,50,14,15,10,4,136,4500,57,245069.91,27631.88
tier_b,79,8,easy,轻松,0.27,100.0,True,False,False,,132.133,245.0,weapon_scattergun,20,50,14,16,11,4,924,6871,59,303845.89,34258.93
tier_b,80,8,unwinnable,不可胜,100.0,0.0,False,True,False,base_destroyed,151.675,310.0,weapon_scattergun,20,50,14,16,11,4,280,784,61,303845.89,51388.39
tier_b,81,9,easy,轻松,0.74,100.0,True,False,False,,121.994,310.0,weapon_scattergun,20,50,14,16,11,4,664,4190,63,305173.08,34258.93
tier_b,82,9,easy,轻松,0.39,100.0,True,False,False,,134.469,310.0,weapon_scattergun,21,50,15,17,12,4,790,6511,65,351089.35,31856.6
tier_b,83,9,easy,轻松,0.32,100.0,True,False,False,,134.798,310.0,weapon_scattergun,21,50,15,17,12,4,708,314,67,405157.11,36762.52
tier_b,84,9,easy,轻松,0.13,100.0,True,False,False,,145.781,310.0,weapon_scattergun,22,50,15,18,12,4,1036,2684,69,1022738.72,83984.04
tier_b,85,9,unwinnable,不可胜,100.0,0.0,False,True,False,base_destroyed,118.244,310.0,weapon_scattergun,23,50,16,18,12,4,888,5281,71,445487.04,60632.87
tier_b,86,9,easy,轻松,0.24,100.0,True,False,False,,137.552,310.0,weapon_scattergun,23,50,16,18,12,4,203,259,73,445487.04,40421.91
tier_b,87,9,easy,轻松,0.12,100.0,True,False,False,,138.396,310.0,weapon_scattergun,23,50,17,19,13,4,288,2864,75,1094959.84,89914.61
tier_b,88,9,easy,轻松,0.29,100.0,True,False,False,,148.714,310.0,weapon_scattergun,24,50,18,19,13,4,24,5795,77,476618.36,43246.66
tier_b,89,9,easy,轻松,0.39,100.0,True,False,False,,159.152,310.0,weapon_scattergun,24,50,18,20,13,4,996,341,79,501915.23,38214.9
tier_b,90,9,unwinnable,不可胜,100.0,0.0,False,True,False,base_destroyed,133.754,350.0,weapon_scattergun,25,50,18,20,15,4,124,3275,81,1272924.1,156792.69
tier_b,91,10,easy,轻松,0.14,100.0,True,False,False,,122.821,350.0,weapon_scattergun,25,50,18,20,15,4,1186,6513,83,1272924.1,104528.46
tier_b,92,10,easy,轻松,0.4,100.0,True,False,False,,149.757,350.0,weapon_scattergun,26,50,18,20,15,4,687,150,85,479550.74,43512.73
tier_b,93,10,easy,轻松,0.26,100.0,True,False,False,,159.467,350.0,weapon_scattergun,26,50,18,21,15,4,1335,3195,87,591140.19,51184.51
tier_b,94,10,easy,轻松,0.07,100.0,True,False,False,,128.742,350.0,weapon_scattergun,26,50,18,21,15,4,734,5053,89,3845577.43,163741.17
tier_b,95,10,unwinnable,不可胜,100.0,0.0,False,True,False,base_destroyed,122.616,350.0,weapon_scattergun,27,50,19,22,15,4,572,8369,91,4055553.77,259022.65
tier_b,96,10,easy,轻松,0.38,100.0,True,False,False,,149.783,350.0,weapon_scattergun,27,50,19,22,15,5,1159,209,93,705292.51,51623.3
tier_b,97,10,easy,轻松,0.33,100.0,True,False,False,,159.479,350.0,weapon_scattergun,28,50,20,22,15,5,478,3101,95,712146.8,61661.99
tier_b,98,10,easy,轻松,0.08,100.0,True,False,False,,128.745,350.0,weapon_scattergun,28,50,20,22,15,5,370,5844,97,4632768.51,197259.04
tier_b,99,10,unwinnable,不可胜,100.0,0.0,False,True,False,base_destroyed,141.455,460.0,weapon_scattergun,28,50,20,23,16,5,341,8494,99,1964220.13,241943.23
