level,level_id,old_recommended,p_star,model,recommended_power,edge_9_of_10,passing_wins,measured_fail_power,rec_below_measured_passing_power,rec_at_or_below_measured_fail_power,censored,censor_status,truth_deviation,truth_check,bracket,enemy_total_hp,boss_hp_share,fable_v0_model,fable_v0_rec,delta_vs_fable_v0,baseline_84_model,baseline_84_rec,baseline_rec_delta_vs_v0,difference_explanation
1,level_001,54,,32.28606335566971,50,False,10,,False,False,True,lower_bound_passes,,unverifiable_censored,"[None, 1.2037037037037037]",11678.115679999999,0.0,26,50,0,32.18246916812808,50,0,全部数值P*重新OLS拟合（84→92点），HP模型32.182469→32.286063；v0方法不一致：原84点按明文同时OLS拟合与v0模型差+6、推荐差0；v0 CSV反拟合显示HP指数≈0.6、Boss份额系数≈0（推断，待Fable核源代码）
2,level_002,58,,35.37815477735148,50,False,10,,False,False,True,lower_bound_passes,,unverifiable_censored,"[None, 1.1206896551724137]",14252.974796000002,0.0,29,50,0,35.2854940976086,50,0,全部数值P*重新OLS拟合（84→92点），HP模型35.285494→35.378155；v0方法不一致：原84点按明文同时OLS拟合与v0模型差+6、推荐差0；v0 CSV反拟合显示HP指数≈0.6、Boss份额系数≈0（推断，待Fable核源代码）
3,level_003,61,,41.93572968968982,50,False,10,,False,False,True,lower_bound_passes,,unverifiable_censored,"[None, 1.0655737704918034]",20643.833639999993,0.0,36,50,0,41.87189384810144,50,0,全部数值P*重新OLS拟合（84→92点），HP模型41.871894→41.935730；v0方法不一致：原84点按明文同时OLS拟合与v0模型差+6、推荐差0；v0 CSV反拟合显示HP指数≈0.6、Boss份额系数≈0（推断，待Fable核源代码）
4,level_004,64,,64.3147229952878,64,False,10,,False,False,True,lower_bound_passes,,unverifiable_censored,"[None, 1.03125]",52409.108082000006,0.0,63,63,1,64.39458873943047,64,1,全部数值P*重新OLS拟合（84→92点），HP模型64.394589→64.314723；原84点复算与v0差+1，在整数取整误差内
5,level_005,72,76,75.58983155937995,76,False,10,73,False,False,False,,0.0,pass,"[1.0138888888888888, 1.0555555555555556]",65364.66125,0.08414332599329427,72,74,2,75.43255789569943,76,2,全部数值P*重新OLS拟合（84→92点），HP模型75.432558→75.589832；v0方法不一致：原84点按明文同时OLS拟合与v0模型差+3、推荐差2；v0 CSV反拟合显示HP指数≈0.6、Boss份额系数≈0（推断，待Fable核源代码）
6,level_006,72,,52.719249272408824,53,False,10,,False,False,True,lower_bound_passes,,unverifiable_censored,"[None, 0.9305555555555556]",33986.540951999996,0.0,49,50,3,52.716923986400126,53,3,全部数值P*重新OLS拟合（84→92点），HP模型52.716924→52.719249；v0方法不一致：原84点按明文同时OLS拟合与v0模型差+4、推荐差3；v0 CSV反拟合显示HP指数≈0.6、Boss份额系数≈0（推断，待Fable核源代码）
7,level_007,76,,52.840169526223605,53,False,10,,False,False,True,lower_bound_passes,,unverifiable_censored,"[None, 0.881578947368421]",34156.597677000005,0.0,49,50,3,52.838621425903575,53,3,全部数值P*重新OLS拟合（84→92点），HP模型52.838621→52.840170；v0方法不一致：原84点按明文同时OLS拟合与v0模型差+4、推荐差3；v0 CSV反拟合显示HP指数≈0.6、Boss份额系数≈0（推断，待Fable核源代码）
8,level_008,80,79,73.2155449788195,76,True,9,69,True,False,False,,-0.03797468354430378,pass,"[0.8625, 0.9875]",69509.54526000001,0.0,75,77,-1,73.36791175355131,76,-1,全部数值P*重新OLS拟合（84→92点），HP模型73.367912→73.215545；v0方法不一致：原84点按明文同时OLS拟合与v0模型差-2、推荐差-1；v0 CSV反拟合显示HP指数≈0.6、Boss份额系数≈0（推断，待Fable核源代码）
9,level_009,85,79,76.04514741756066,78,False,10,70,True,False,False,,-0.012658227848101222,pass,"[0.8235294117647058, 0.9294117647058824]",75495.5737935,0.0,79,79,-1,76.22208396547244,78,-1,全部数值P*重新OLS拟合（84→92点），HP模型76.222084→76.045147；v0方法不一致：原84点按明文同时OLS拟合与v0模型差-3、推荐差-1；v0 CSV反拟合显示HP指数≈0.6、Boss份额系数≈0（推断，待Fable核源代码）
10,level_010,95,82,92.41520774862232,87,True,9,70,False,False,False,,0.060975609756097615,pass,"[0.7368421052631579, 0.8631578947368421]",96710.696,0.11374129703295693,91,87,0,92.20103917268783,87,0,全部数值P*重新OLS拟合（84→92点），HP模型92.201039→92.415208
11,level_011,95,,98.653611233713,99,False,10,,False,False,True,lower_bound_passes,,unverifiable_censored,"[None, 0.7263157894736842]",70294.80743100001,0.0,61,61,38,68.39613170871344,68,7,全部数值P*重新OLS拟合（84→92点），HP模型68.396132→98.653611；v0方法不一致：原84点按明文同时OLS拟合与v0模型差+7、推荐差7；v0 CSV反拟合显示HP指数≈0.6、Boss份额系数≈0（推断，待Fable核源代码）
12,level_012,100,90,128.8289934479622,108,True,9,87,False,False,False,,0.19999999999999996,pass,"[0.87, 0.9]",125724.57660799999,0.0,87,89,19,89.47081028463984,90,1,全部数值P*重新OLS拟合（84→92点），HP模型89.470810→128.828993；v0方法不一致：原84点按明文同时OLS拟合与v0模型差+2、推荐差1；v0 CSV反拟合显示HP指数≈0.6、Boss份额系数≈0（推断，待Fable核源代码）
13,level_013,112,101,169.20818846055602,131,True,9,96,False,False,False,,0.29702970297029707,pass,"[0.8571428571428571, 0.9017857142857143]",227708.41183999996,0.0,124,112,19,117.72116292608483,109,-3,全部数值P*重新OLS拟合（84→92点），HP模型117.721163→169.208188；v0方法不一致：原84点按明文同时OLS拟合与v0模型差-6、推荐差-3；v0 CSV反拟合显示HP指数≈0.6、Boss份额系数≈0（推断，待Fable核源代码）
14,level_014,118,120,157.59864618030605,138,True,9,117,False,False,False,,0.1499999999999999,pass,"[0.9915254237288136, 1.0169491525423728]",195042.48119999998,0.0,113,117,21,109.5938307742934,115,-2,全部数值P*重新OLS拟合（84→92点），HP模型109.593831→157.598646；v0方法不一致：原84点按明文同时OLS拟合与v0模型差-3、推荐差-2；v0 CSV反拟合显示HP指数≈0.6、Boss份额系数≈0（推断，待Fable核源代码）
15,level_015,126,147,115.21388856988263,130,True,9,142,True,True,False,,-0.11564625850340138,pass,"[1.126984126984127, 1.1666666666666667]",60399.015944,0.3145746615742247,56,56,74,78.66236396471581,,,"新增[1,1.8]墙关补测；v0未包含该数值P*；全部数值P*重新OLS拟合（84→92点），HP模型78.662364→115.213889；v0方法不一致：原84点按明文同时OLS拟合与v0模型差+23、推荐差None；v0 CSV反拟合显示HP指数≈0.6、Boss份额系数≈0（推断，待Fable核源代码）"
16,level_016,126,84,114.38484309910022,98,True,9,81,False,False,False,,0.16666666666666674,pass,"[0.6428571428571429, 0.6666666666666666]",97030.429275,0.0,75,79,19,79.37840963690068,82,3,全部数值P*重新OLS拟合（84→92点），HP模型79.378410→114.384843；v0方法不一致：原84点按明文同时OLS拟合与v0模型差+4、推荐差3；v0 CSV反拟合显示HP指数≈0.6、Boss份额系数≈0（推断，待Fable核源代码）
17,level_017,133,165,98.58056339329124,128,True,9,159,True,True,False,,-0.22424242424242424,pass,"[1.1954887218045114, 1.2406015037593985]",70181.463456,0.0,61,61,67,68.34516070056765,,,"新增[1,1.8]墙关补测；v0未包含该数值P*；全部数值P*重新OLS拟合（84→92点），HP模型68.345161→98.580563；v0方法不一致：原84点按明文同时OLS拟合与v0模型差+7、推荐差None；v0 CSV反拟合显示HP指数≈0.6、Boss份额系数≈0（推断，待Fable核源代码）"
18,level_018,149,185,160.0220188993834,172,True,9,179,True,True,False,,-0.07027027027027022,pass,"[1.2013422818791946, 1.2416107382550337]",201635.5618343,0.0,116,116,56,111.29001743629968,,,"新增[1,1.8]墙关补测；v0未包含该数值P*；全部数值P*重新OLS拟合（84→92点），HP模型111.290017→160.022019；v0方法不一致：原84点按明文同时OLS拟合与v0模型差-5、推荐差None；v0 CSV反拟合显示HP指数≈0.6、Boss份额系数≈0（推断，待Fable核源代码）"
19,level_019,157,188,166.2527296334252,177,False,10,186,True,True,False,,-0.058510638297872286,pass,"[1.1847133757961783, 1.197452229299363]",219132.813042,0.0,122,122,55,115.65182341693159,,,"新增[1,1.8]墙关补测；v0未包含该数值P*；全部数值P*重新OLS拟合（84→92点），HP模型115.651823→166.252730；v0方法不一致：原84点按明文同时OLS拟合与v0模型差-6、推荐差None；v0 CSV反拟合显示HP指数≈0.6、Boss份额系数≈0（推断，待Fable核源代码）"
20,level_020,167,291,189.42951517219785,235,False,10,282,True,True,False,,-0.1924398625429553,pass,"[1.688622754491018, 1.7425149700598803]",201875.68,0.2352933250800691,116,116,119,130.28460070318476,,,"新增[1,1.8]墙关补测；v0未包含该数值P*；全部数值P*重新OLS拟合（84→92点），HP模型130.284601→189.429515；v0方法不一致：原84点按明文同时OLS拟合与v0模型差+14、推荐差None；v0 CSV反拟合显示HP指数≈0.6、Boss份额系数≈0（推断，待Fable核源代码）"
21,level_021,167,164,134.24358018353615,148,False,10,133,True,False,False,,-0.09756097560975607,pass,"[0.7964071856287425, 0.9820359281437125]",160662.5649825,0.0,121,141,7,134.06965221297048,148,7,全部数值P*重新OLS拟合（84→92点），HP模型134.069652→134.243580；v0方法不一致：原84点按明文同时OLS拟合与v0模型差+13、推荐差7；v0 CSV反拟合显示HP指数≈0.6、Boss份额系数≈0（推断，待Fable核源代码）
22,level_022,175,183,146.3950551174275,164,False,10,139,True,False,False,,-0.10382513661202186,pass,"[0.7942857142857143, 1.0457142857142858]",194044.0536,0.0,136,157,7,146.28730213305883,164,7,全部数值P*重新OLS拟合（84→92点），HP模型146.287302→146.395055；v0方法不一致：原84点按明文同时OLS拟合与v0模型差+10、推荐差7；v0 CSV反拟合显示HP指数≈0.6、Boss份额系数≈0（推断，待Fable核源代码）
23,level_023,197,186,168.02330580649175,177,False,10,139,True,False,False,,-0.048387096774193505,pass,"[0.7055837563451777, 0.9441624365482234]",261982.57242,0.0,162,174,3,168.0492527785581,177,3,全部数值P*重新OLS拟合（84→92点），HP模型168.049253→168.023306；v0方法不一致：原84点按明文同时OLS拟合与v0模型差+6、推荐差3；v0 CSV反拟合显示HP指数≈0.6、Boss份额系数≈0（推断，待Fable核源代码）
24,level_024,207,201,138.75548766999302,167,False,10,195,True,True,False,,-0.1691542288557214,pass,"[0.9420289855072463, 0.9710144927536232]",172659.93,0.0,126,159,8,138.60532933273788,167,8,全部数值P*重新OLS拟合（84→92点），HP模型138.605329→138.755488；v0方法不一致：原84点按明文同时OLS拟合与v0模型差+13、推荐差8；v0 CSV反拟合显示HP指数≈0.6、Boss份额系数≈0（推断，待Fable核源代码）
25,level_025,219,248,273.5043742235548,260,False,10,234,False,False,False,,0.048387096774193505,pass,"[1.0684931506849316, 1.1324200913242009]",556726.6518605137,0.197583499249395,255,252,8,271.60930446267105,260,8,全部数值P*重新OLS拟合（84→92点），HP模型271.609304→273.504374；v0方法不一致：原84点按明文同时OLS拟合与v0模型差+17、推荐差8；v0 CSV反拟合显示HP指数≈0.6、Boss份额系数≈0（推断，待Fable核源代码）
26,level_026,219,191,268.51351942921616,226,True,9,150,False,False,False,,0.18324607329842935,pass,"[0.684931506849315, 0.8721461187214612]",727479.4038057001,0.0,300,239,-13,269.37004941418866,227,-12,全部数值P*重新OLS拟合（84→92点），HP模型269.370049→268.513519；v0方法不一致：原84点按明文同时OLS拟合与v0模型差-31、推荐差-12；v0 CSV反拟合显示HP指数≈0.6、Boss份额系数≈0（推断，待Fable核源代码）
27,level_027,246,195,187.13354373092346,191,False,10,151,True,False,False,,-0.02051282051282055,pass,"[0.6138211382113821, 0.7926829268292683]",331276.2026976,0.0,187,191,0,187.29281247519242,191,0,全部数值P*重新OLS拟合（84→92点），HP模型187.292812→187.133544
28,level_028,259,210,254.81676048247186,231,True,9,205,False,False,False,,0.10000000000000009,pass,"[0.7915057915057915, 0.8108108108108109]",649058.9604,0.0,280,242,-11,255.54309782282155,232,-10,全部数值P*重新OLS拟合（84→92点），HP模型255.543098→254.816760；v0方法不一致：原84点按明文同时OLS拟合与v0模型差-24、推荐差-10；v0 CSV反拟合显示HP指数≈0.6、Boss份额系数≈0（推断，待Fable核源代码）
29,level_029,274,206,206.7639584883426,206,False,10,154,False,False,False,,0.0,pass,"[0.5620437956204379, 0.7518248175182481]",411692.1599999999,0.0,213,209,-3,207.07342038241097,207,-2,全部数值P*重新OLS拟合（84→92点），HP模型207.073420→206.763958；v0方法不一致：原84点按明文同时OLS拟合与v0模型差-6、推荐差-2；v0 CSV反拟合显示HP指数≈0.6、Boss份额系数≈0（推断，待Fable核源代码）
30,level_030,310,286,386.501885382687,332,False,10,282,False,False,False,,0.16083916083916083,pass,"[0.9096774193548387, 0.9225806451612903]",1426590.2899999998,0.0771069316615074,449,358,-26,387.0962337669709,333,-25,全部数值P*重新OLS拟合（84→92点），HP模型387.096234→386.501885；v0方法不一致：原84点按明文同时OLS拟合与v0模型差-62、推荐差-25；v0 CSV反拟合显示HP指数≈0.6、Boss份额系数≈0（推断，待Fable核源代码）
31,level_031,310,148,170.8966538849081,159,True,9,130,False,False,False,,0.07432432432432434,pass,"[0.41935483870967744, 0.4774193548387097]",279784.15140000003,0.0,156,152,7,168.23182005722086,158,6,全部数值P*重新OLS拟合（84→92点），HP模型168.231820→170.896654；v0方法不一致：原84点按明文同时OLS拟合与v0模型差+12、推荐差6；v0 CSV反拟合显示HP指数≈0.6、Boss份额系数≈0（推断，待Fable核源代码）
32,level_032,324,245,186.63947674589986,214,True,9,209,True,False,False,,-0.12653061224489792,pass,"[0.6450617283950617, 0.7561728395061729]",338997.61595974857,0.0,175,207,7,183.8338474738738,212,5,全部数值P*重新OLS拟合（84→92点），HP模型183.833847→186.639477；v0方法不一致：原84点按明文同时OLS拟合与v0模型差+9、推荐差5；v0 CSV反拟合显示HP指数≈0.6、Boss份额系数≈0（推断，待Fable核源代码）
33,level_033,343,209,249.5417630540083,228,True,9,208,False,False,False,,0.09090909090909083,pass,"[0.6064139941690962, 0.60932944606414]",638263.6702170934,0.0,256,231,-3,246.25247231119104,227,-4,全部数值P*重新OLS拟合（84→92点），HP模型246.252472→249.541763；v0方法不一致：原84点按明文同时OLS拟合与v0模型差-10、推荐差-4；v0 CSV反拟合显示HP指数≈0.6、Boss份额系数≈0（推断，待Fable核源代码）
34,level_034,343,296,366.934075123139,330,True,9,273,False,False,False,,0.11486486486486491,pass,"[0.7959183673469388, 0.8629737609329446]",1478391.1544590848,0.0,424,354,-24,363.00098231296107,328,-26,全部数值P*重新OLS拟合（84→92点），HP模型363.000982→366.934075；v0方法不一致：原84点按明文同时OLS拟合与v0模型差-61、推荐差-26；v0 CSV反拟合显示HP指数≈0.6、Boss份额系数≈0（推断，待Fable核源代码）
35,level_035,384,183,262.04384255211,219,False,10,179,False,False,False,,0.19672131147540983,pass,"[0.4661458333333333, 0.4765625]",309940.41697727144,0.5323603859386296,166,174,45,251.62083103618633,215,41,全部数值P*重新OLS拟合（84→92点），HP模型251.620831→262.043843；v0方法不一致：原84点按明文同时OLS拟合与v0模型差+86、推荐差41；v0 CSV反拟合显示HP指数≈0.6、Boss份额系数≈0（推断，待Fable核源代码）
36,level_036,384,209,243.244694921108,225,True,9,209,False,False,False,,0.07655502392344493,pass,"[0.5442708333333334, 0.5442708333333334]",603696.0931649434,0.0,248,228,-3,239.99875336278646,224,-4,全部数值P*重新OLS拟合（84→92点），HP模型239.998753→243.244695；v0方法不一致：原84点按明文同时OLS拟合与v0模型差-8、推荐差-4；v0 CSV反拟合显示HP指数≈0.6、Boss份额系数≈0（推断，待Fable核源代码）
37,level_037,428,209,258.4385212267681,232,False,10,185,False,False,False,,0.11004784688995217,pass,"[0.4322429906542056, 0.4883177570093458]",688881.967193254,0.0,268,237,-5,255.08971815559548,231,-6,全部数值P*重新OLS拟合（84→92点），HP模型255.089718→258.438521；v0方法不一致：原84点按明文同时OLS拟合与v0模型差-13、推荐差-6；v0 CSV反拟合显示HP指数≈0.6、Boss份额系数≈0（推断，待Fable核源代码）
38,level_038,454,484,349.52096056129,411,True,9,430,True,True,False,,-0.15082644628099173,pass,"[0.947136563876652, 1.066079295154185]",1329809.3137059798,0.0,398,439,-28,345.66586230800846,409,-30,全部数值P*重新OLS拟合（84→92点），HP模型345.665862→349.520961；v0方法不一致：原84点按明文同时OLS拟合与v0模型差-52、推荐差-30；v0 CSV反拟合显示HP指数≈0.6、Boss份额系数≈0（推断，待Fable核源代码）
39,level_039,510,533,317.9344795986387,412,True,9,503,True,True,False,,-0.22701688555347088,pass,"[0.9862745098039216, 1.0450980392156863]",1081864.42507425,0.0,352,433,-21,314.2353116120051,409,-24,全部数值P*重新OLS拟合（84→92点），HP模型314.235312→317.934480；v0方法不一致：原84点按明文同时OLS拟合与v0模型差-38、推荐差-24；v0 CSV反拟合显示HP指数≈0.6、Boss份额系数≈0（推断，待Fable核源代码）
40,level_040,540,574,496.63821330890136,534,True,9,572,True,True,False,,-0.06968641114982577,pass,"[1.0592592592592593, 1.0629629629629629]",2282456.5735280346,0.14458106402870702,551,551,-17,488.5961803548731,,,"新增[1,1.8]墙关补测；v0未包含该数值P*；全部数值P*重新OLS拟合（84→92点），HP模型488.596180→496.638213；v0方法不一致：原84点按明文同时OLS拟合与v0模型差-62、推荐差None；v0 CSV反拟合显示HP指数≈0.6、Boss份额系数≈0（推断，待Fable核源代码）"
41,level_041,540,225,246.65222133497235,236,True,9,216,False,False,False,,0.04888888888888898,pass,"[0.4, 0.4166666666666667]",394428.23506365286,0.0,197,211,25,234.87238912178344,230,19,全部数值P*重新OLS拟合（84→92点），HP模型234.872389→246.652221；v0方法不一致：原84点按明文同时OLS拟合与v0模型差+38、推荐差19；v0 CSV反拟合显示HP指数≈0.6、Boss份额系数≈0（推断，待Fable核源代码）
42,level_042,566,298,472.5805353347805,375,True,9,293,False,False,False,,0.25838926174496635,pass,"[0.5176678445229682, 0.5265017667844523]",1626201.7899116199,0.0,462,371,4,451.9060894590292,367,-4,全部数值P*重新OLS拟合（84→92点），HP模型451.906089→472.580535；v0方法不一致：原84点按明文同时OLS拟合与v0模型差-10、推荐差-4；v0 CSV反拟合显示HP指数≈0.6、Boss份额系数≈0（推断，待Fable核源代码）
43,level_043,599,587,461.1413567491467,520,True,9,564,True,True,False,,-0.11413969335604768,pass,"[0.9415692821368948, 0.9799666110183639]",1541667.3889067136,0.0,447,513,7,440.89751006517514,509,-4,全部数值P*重新OLS拟合（84→92点），HP模型440.897510→461.141357；v0方法不一致：原84点按明文同时OLS拟合与v0模型差-6、推荐差-4；v0 CSV反拟合显示HP指数≈0.6、Boss份额系数≈0（推断，待Fable核源代码）
44,level_044,632,757,493.100827596101,611,True,9,715,True,True,False,,-0.19286657859973577,pass,"[1.1313291139240507, 1.1977848101265822]",1783982.1813165238,0.0,488,488,123,471.65823710258115,,,"新增[1,1.8]墙关补测；v0未包含该数值P*；全部数值P*重新OLS拟合（84→92点），HP模型471.658237→493.100828；v0方法不一致：原84点按明文同时OLS拟合与v0模型差-16、推荐差None；v0 CSV反拟合显示HP指数≈0.6、Boss份额系数≈0（推断，待Fable核源代码）"
45,level_045,672,655,517.5861533108847,582,True,9,648,True,True,False,,-0.11145038167938937,pass,"[0.9642857142857143, 0.9747023809523809]",943463.1908388641,0.4769661438512405,333,467,115,483.12251686322963,563,96,全部数值P*重新OLS拟合（84→92点），HP模型483.122517→517.586153；v0方法不一致：原84点按明文同时OLS拟合与v0模型差+150、推荐差96；v0 CSV反拟合显示HP指数≈0.6、Boss份额系数≈0（推断，待Fable核源代码）
46,level_046,707,600,414.47267252129353,499,False,10,591,True,True,False,,-0.16833333333333333,pass,"[0.8359264497878359, 0.8486562942008486]",1221912.2303845424,0.0,389,483,16,396.0043309405512,487,4,全部数值P*重新OLS拟合（84→92点），HP模型396.004331→414.472673；v0方法不一致：原84点按明文同时OLS拟合与v0模型差+7、推荐差4；v0 CSV反拟合显示HP指数≈0.6、Boss份额系数≈0（推断，待Fable核源代码）
47,level_047,749,593,755.9449015258875,670,True,9,591,False,False,False,,0.1298482293423271,pass,"[0.7890520694259012, 0.7917222963951935]",4525146.8597342055,0.0,854,712,-42,725.0722667794362,656,-56,全部数值P*重新OLS拟合（84→92点），HP模型725.072267→755.944902；v0方法不一致：原84点按明文同时OLS拟合与v0模型差-129、推荐差-56；v0 CSV反拟合显示HP指数≈0.6、Boss份额系数≈0（推断，待Fable核源代码）
48,level_048,843,594,739.8421986066747,663,True,9,412,False,False,False,,0.11616161616161613,pass,"[0.4887307236061684, 0.7046263345195729]",4317783.1892398475,0.0,830,702,-39,709.5284328611336,649,-53,全部数值P*重新OLS拟合（84→92点），HP模型709.528433→739.842199；v0方法不一致：原84点按明文同时OLS拟合与v0模型差-120、推荐差-53；v0 CSV反拟合显示HP指数≈0.6、Boss份额系数≈0（推断，待Fable核源代码）
49,level_049,892,596,727.4206433728411,658,True,9,413,False,False,False,,0.10402684563758391,pass,"[0.46300448430493274, 0.6681614349775785]",4161412.9143168926,0.0,812,696,-38,697.5394784345106,645,-51,全部数值P*重新OLS拟合（84→92点），HP模型697.539478→727.420643；v0方法不一致：原84点按明文同时OLS拟合与v0模型差-114、推荐差-51；v0 CSV反拟合显示HP指数≈0.6、Boss份额系数≈0（推断，待Fable核源代码）
50,level_050,944,842,894.7479747577612,868,False,10,798,False,False,False,,0.030878859857482288,pass,"[0.8453389830508474, 0.8919491525423728]",4911593.793593565,0.18323990904417106,897,869,-1,851.0087264700458,846,-23,全部数值P*重新OLS拟合（84→92点），HP模型851.008726→894.747975；v0方法不一致：原84点按明文同时OLS拟合与v0模型差-46、推荐差-23；v0 CSV反拟合显示HP指数≈0.6、Boss份额系数≈0（推断，待Fable核源代码）
51,level_051,944,414,447.7667525894436,431,True,9,413,False,False,False,,0.04106280193236711,pass,"[0.4375, 0.4385593220338983]",1631799.8738775318,0.0,461,437,-6,449.1042297687238,431,-6,全部数值P*重新OLS拟合（84→92点），HP模型449.104230→447.766753；v0方法不一致：原84点按明文同时OLS拟合与v0模型差-12、推荐差-6；v0 CSV反拟合显示HP指数≈0.6、Boss份额系数≈0（推断，待Fable核源代码）
52,level_052,944,331,368.39090152580764,349,True,9,327,False,False,False,,0.05438066465256797,pass,"[0.3463983050847458, 0.350635593220339]",1066716.3622148326,0.0,357,344,5,369.0255214350944,349,5,全部数值P*重新OLS拟合（84→92点），HP模型369.025521→368.390902；v0方法不一致：原84点按明文同时OLS拟合与v0模型差+12、推荐差5；v0 CSV反拟合显示HP指数≈0.6、Boss份额系数≈0（推断，待Fable核源代码）
53,level_053,948,427,369.01975175869535,397,False,10,415,True,True,False,,-0.07025761124121777,pass,"[0.43776371308016876, 0.45042194092827004]",1070687.3111802917,0.0,358,391,6,369.65953048538194,397,6,全部数值P*重新OLS拟合（84→92点），HP模型369.659530→369.019752；v0方法不一致：原84点按明文同时OLS拟合与v0模型差+12、推荐差6；v0 CSV反拟合显示HP指数≈0.6、Boss份额系数≈0（推断，待Fable核源代码）
54,level_054,948,317,406.80353404222063,359,True,9,309,False,False,False,,0.13249211356466883,pass,"[0.3259493670886076, 0.33438818565400846]",1324013.4366672353,0.0,407,359,0,407.7656842709135,360,1,全部数值P*重新OLS拟合（84→92点），HP模型407.765684→406.803534；原84点复算与v0差+1，在整数取整误差内
55,level_055,1008,950,498.838479952319,688,True,9,707,True,True,False,,-0.2757894736842105,pass,"[0.7013888888888888, 0.9424603174603174]",1317939.0558356307,0.2883289620391919,405,621,67,493.2398410170364,685,64,全部数值P*重新OLS拟合（84→92点），HP模型493.239841→498.838480；v0方法不一致：原84点按明文同时OLS拟合与v0模型差+88、推荐差64；v0 CSV反拟合显示HP指数≈0.6、Boss份额系数≈0（推断，待Fable核源代码）
56,level_056,1078,297,421.8167133215766,354,True,9,285,False,False,False,,0.19191919191919182,pass,"[0.26437847866419295, 0.2755102040816326]",1432784.7697800733,0.0,426,356,-2,422.91343452676455,354,-2,全部数值P*重新OLS拟合（84→92点），HP模型422.913435→421.816713；v0方法不一致：原84点按明文同时OLS拟合与v0模型差-3、推荐差-2；v0 CSV反拟合显示HP指数≈0.6、Boss份额系数≈0（推断，待Fable核源代码）
57,level_057,1187,990,753.9156528417104,864,True,9,984,True,True,False,,-0.12727272727272732,pass,"[0.8289806234203876, 0.8340353833192923]",5077063.287709652,0.0,911,950,-86,758.71858365805,867,-83,全部数值P*重新OLS拟合（84→92点），HP模型758.718584→753.915653；v0方法不一致：原84点按明文同时OLS拟合与v0模型差-152、推荐差-83；v0 CSV反拟合显示HP指数≈0.6、Boss份额系数≈0（推断，待Fable核源代码）
58,level_058,1228,461,548.8272371521253,503,True,9,433,False,False,False,,0.09110629067245113,pass,"[0.3526058631921824, 0.3754071661237785]",2542240.842178005,0.0,601,527,-24,551.1912168848382,504,-23,全部数值P*重新OLS拟合（84→92点），HP模型551.191217→548.827237；v0方法不一致：原84点按明文同时OLS拟合与v0模型差-50、推荐差-23；v0 CSV反拟合显示HP指数≈0.6、Boss份额系数≈0（推断，待Fable核源代码）
59,level_059,1262,499,634.0072932956323,562,True,9,461,False,False,False,,0.12625250501002006,pass,"[0.3652931854199683, 0.39540412044374007]",3481147.7668965347,0.0,726,602,-40,637.3322916668614,564,-38,全部数值P*重新OLS拟合（84→92点），HP模型637.332292→634.007293；v0方法不一致：原84点按明文同时OLS拟合与v0模型差-89、推荐差-38；v0 CSV反拟合显示HP指数≈0.6、Boss份额系数≈0（推断，待Fable核源代码）
60,level_060,1268,990,863.2486692002166,924,False,10,975,True,True,False,,-0.06666666666666665,pass,"[0.7689274447949527, 0.7807570977917981]",3399154.4199636043,0.44717003472183386,716,842,82,849.557332595586,917,75,全部数值P*重新OLS拟合（84→92点），HP模型849.557333→863.248669；v0方法不一致：原84点按明文同时OLS拟合与v0模型差+134、推荐差75；v0 CSV反拟合显示HP指数≈0.6、Boss份额系数≈0（推断，待Fable核源代码）
61,level_061,1268,990,726.2892007537775,848,False,10,975,True,True,False,,-0.14343434343434347,pass,"[0.7689274447949527, 0.7807570977917981]",3197293.62662418,0.0,804,892,-44,731.155931160879,851,-41,全部数值P*重新OLS拟合（84→92点），HP模型731.155931→726.289201；v0方法不一致：原84点按明文同时OLS拟合与v0模型差-73、推荐差-41；v0 CSV反拟合显示HP指数≈0.6、Boss份额系数≈0（推断，待Fable核源代码）
62,level_062,1268,186,337.3051377248954,250,False,10,179,False,False,False,,0.34408602150537626,pass,"[0.1411671924290221, 0.14668769716088328]",601356.4427390399,0.0,295,234,16,337.8860330719814,251,17,全部数值P*重新OLS拟合（84→92点），HP模型337.886033→337.305138；v0方法不一致：原84点按明文同时OLS拟合与v0模型差+43、推荐差17；v0 CSV反拟合显示HP指数≈0.6、Boss份额系数≈0（推断，待Fable核源代码）
63,level_063,1358,465,712.6077576510405,576,True,9,432,False,False,False,,0.2387096774193549,pass,"[0.3181148748159057, 0.34241531664212077]",3067536.032310166,0.0,784,604,-28,717.2946283961767,578,-26,全部数值P*重新OLS拟合（84→92点），HP模型717.294628→712.607758；v0方法不一致：原84点按明文同时OLS拟合与v0模型差-67、推荐差-26；v0 CSV反拟合显示HP指数≈0.6、Boss份额系数≈0（推断，待Fable核源代码）
64,level_064,1404,955,819.2792060986002,885,False,10,634,True,False,False,,-0.0732984293193717,pass,"[0.4515669515669516, 0.6801994301994302]",4156905.028573691,0.0,941,948,-63,825.4116130240174,888,-60,全部数值P*重新OLS拟合（84→92点），HP模型825.411613→819.279206；v0方法不一致：原84点按明文同时OLS拟合与v0模型差-116、推荐差-60；v0 CSV反拟合显示HP指数≈0.6、Boss份额系数≈0（推断，待Fable核源代码）
65,level_065,1496,1014,1007.4489716008331,1011,True,9,977,True,False,False,,-0.00295857988165682,pass,"[0.6530748663101604, 0.6778074866310161]",2014062.4364946694,0.7546935846961381,609,786,225,977.2995532231943,995,209,全部数值P*重新OLS拟合（84→92点），HP模型977.299553→1007.448972；v0方法不一致：原84点按明文同时OLS拟合与v0模型差+368、推荐差209；v0 CSV反拟合显示HP指数≈0.6、Boss份额系数≈0（推断，待Fable核源代码）
66,level_066,1496,1184,810.8785120978364,980,False,10,1014,True,True,False,,-0.17229729729729726,pass,"[0.6778074866310161, 0.7914438502673797]",4064606.844255383,0.0,928,1048,-68,816.8936118574645,983,-65,全部数值P*重新OLS拟合（84→92点），HP模型816.893612→810.878512；v0方法不一致：原84点按明文同时OLS拟合与v0模型差-111、推荐差-65；v0 CSV反拟合显示HP指数≈0.6、Boss份额系数≈0（推断，待Fable核源代码）
67,level_067,1496,955,800.240650994663,874,False,10,865,True,False,False,,-0.08481675392670152,pass,"[0.5782085561497327, 0.6383689839572193]",3949335.9720917046,0.0,912,933,-59,806.1080230996646,877,-56,全部数值P*重新OLS拟合（84→92点），HP模型806.108023→800.240651；v0方法不一致：原84点按明文同时OLS拟合与v0模型差-106、推荐差-56；v0 CSV反拟合显示HP指数≈0.6、Boss份额系数≈0（推断，待Fable核源代码）
68,level_068,1703,983,1105.172249161499,1042,False,10,961,False,False,False,,0.0600203458799593,pass,"[0.5642982971227246, 0.5772166764533176]",7979563.862791754,0.0,1391,1169,-127,1115.6011325231057,1047,-122,全部数值P*重新OLS拟合（84→92点），HP模型1115.601133→1105.172249；v0方法不一致：原84点按明文同时OLS拟合与v0模型差-275、推荐差-122；v0 CSV反拟合显示HP指数≈0.6、Boss份额系数≈0（推断，待Fable核源代码）
69,level_069,1756,978,795.3075152680417,882,False,10,896,True,True,False,,-0.09815950920245398,pass,"[0.510250569476082, 0.5569476082004556]",3896489.3870821185,0.0,905,941,-59,801.1066948698657,885,-56,全部数值P*重新OLS拟合（84→92点），HP模型801.106695→795.307515；v0方法不一致：原84点按明文同时OLS拟合与v0模型差-104、推荐差-56；v0 CSV反拟合显示HP指数≈0.6、Boss份额系数≈0（推断，待Fable核源代码）
70,level_070,1867,1228,1346.8173239276412,1286,True,9,1202,False,False,False,,0.04723127035830621,pass,"[0.6438136047134441, 0.6577396893411891]",4420932.684291784,0.6559701780359881,976,1095,191,1315.691531930205,1271,176,全部数值P*重新OLS拟合（84→92点），HP模型1315.691532→1346.817324；v0方法不一致：原84点按明文同时OLS拟合与v0模型差+340、推荐差176；v0 CSV反拟合显示HP指数≈0.6、Boss份额系数≈0（推断，待Fable核源代码）
71,level_071,1867,978,1342.2130501122372,1146,False,10,896,False,False,False,,0.17177914110429437,pass,"[0.4799143010176754, 0.5238350294590252]",6677688.59398754,0.0,1384,1163,-17,1311.9190668121284,1133,-30,全部数值P*重新OLS拟合（84→92点），HP模型1311.919067→1342.213050；v0方法不一致：原84点按明文同时OLS拟合与v0模型差-72、推荐差-30；v0 CSV反拟合显示HP指数≈0.6、Boss份额系数≈0（推断，待Fable核源代码）
72,level_072,1867,1576,1420.2861565248575,1496,True,9,1559,True,True,False,,-0.050761421319796995,pass,"[0.8350294590251741, 0.8441349758971612]",7553000.065936907,0.0,1490,1533,-37,1388.737507685972,1479,-54,全部数值P*重新OLS拟合（84→92点），HP模型1388.737508→1420.286157；v0方法不一致：原84点按明文同时OLS拟合与v0模型差-101、推荐差-54；v0 CSV反拟合显示HP指数≈0.6、Boss份额系数≈0（推断，待Fable核源代码）
73,level_073,1867,606,1172.141825452252,843,True,9,600,False,False,False,,0.391089108910891,fail,"[0.32137118371719336, 0.3245848955543653]",4970918.417337137,0.0,1159,838,5,1144.6834094617695,833,-5,全部数值P*重新OLS拟合（84→92点），HP模型1144.683409→1172.141825；v0方法不一致：原84点按明文同时OLS拟合与v0模型差-14、推荐差-5；v0 CSV反拟合显示HP指数≈0.6、Boss份额系数≈0（推断，待Fable核源代码）
74,level_074,1944,2034,1495.7632981303034,1744,True,9,1812,True,True,False,,-0.14257620452310715,pass,"[0.9320987654320988, 1.0462962962962963]",8454908.238343753,0.0,1595,1801,-57,1463.0276849814252,1725,-76,全部数值P*重新OLS拟合（84→92点），HP模型1463.027685→1495.763298；v0方法不一致：原84点按明文同时OLS拟合与v0模型差-132、推荐差-76；v0 CSV反拟合显示HP指数≈0.6、Boss份额系数≈0（推断，待Fable核源代码）
75,level_075,2273,1841,1807.4136258975554,1824,False,10,1559,True,False,False,,-0.009234111895708885,pass,"[0.6858776946766388, 0.8099428068631764]",6066316.403562015,0.4780495785378389,1307,1551,273,1726.6368553023062,1783,232,全部数值P*重新OLS拟合（84→92点），HP模型1726.636855→1807.413626；v0方法不一致：原84点按明文同时OLS拟合与v0模型差+420、推荐差232；v0 CSV反拟合显示HP指数≈0.6、Boss份额系数≈0（推断，待Fable核源代码）
76,level_076,2273,2758,2146.2438413468494,2433,True,9,2738,True,True,False,,-0.11783901377810002,pass,"[1.2045754509458866, 1.2133743950725913]",18567054.355389524,0.0,2557,2557,-124,2104.1777507807183,,,"新增[1,1.8]墙关补测；v0未包含该数值P*；全部数值P*重新OLS拟合（84→92点），HP模型2104.177751→2146.243841；v0方法不一致：原84点按明文同时OLS拟合与v0模型差-453、推荐差None；v0 CSV反拟合显示HP指数≈0.6、Boss份额系数≈0（推断，待Fable核源代码）"
77,level_077,2289,1582,1724.8895179281255,1652,True,9,1554,False,False,False,,0.04424778761061954,pass,"[0.6788990825688074, 0.691131498470948]",11533431.729844898,0.0,1921,1743,-91,1688.6944581860894,1634,-109,全部数值P*重新OLS拟合（84→92点），HP模型1688.694458→1724.889518；v0方法不一致：原84点按明文同时OLS拟合与v0模型差-232、推荐差-109；v0 CSV反拟合显示HP指数≈0.6、Boss份额系数≈0（推断，待Fable核源代码）
78,level_078,2366,2226,1786.060320830817,1994,True,9,2204,True,True,False,,-0.10422282120395332,pass,"[0.9315300084530854, 0.9408284023668639]",12443162.298918596,0.0,2011,2116,-122,1748.975605260855,1973,-143,全部数值P*重新OLS拟合（84→92点），HP模型1748.975605→1786.060321；v0方法不一致：原84点按明文同时OLS拟合与v0模型差-262、推荐差-143；v0 CSV反拟合显示HP指数≈0.6、Boss份额系数≈0（推断，待Fable核源代码）
79,level_079,2446,2030,1606.934633841432,1806,True,9,1994,True,True,False,,-0.1103448275862069,pass,"[0.8152085036794767, 0.8299264104660671]",9884147.714277642,0.0,1751,1886,-80,1572.494545683357,1787,-99,全部数值P*重新OLS拟合（84→92点），HP模型1572.494546→1606.934634；v0方法不一致：原84点按明文同时OLS拟合与v0模型差-179、推荐差-99；v0 CSV反拟合显示HP指数≈0.6、Boss份额系数≈0（推断，待Fable核源代码）
80,level_080,2592,1994,2142.332838324988,2067,False,10,1804,False,False,False,,0.03660982948846536,pass,"[0.6959876543209876, 0.7692901234567902]",7457760.58264019,0.5832850158968252,1479,1717,350,2037.6760155279464,2016,299,全部数值P*重新OLS拟合（84→92点），HP模型2037.676016→2142.332838；v0方法不一致：原84点按明文同时OLS拟合与v0模型差+559、推荐差299；v0 CSV反拟合显示HP指数≈0.6、Boss份额系数≈0（推断，待Fable核源代码）
81,level_081,2592,992,1211.7651017194503,1096,True,9,967,False,False,False,,0.10483870967741926,pass,"[0.373070987654321, 0.38271604938271603]",7492600.062875633,0.0,1190,1087,9,1215.152031419097,1098,11,全部数值P*重新OLS拟合（84→92点），HP模型1215.152031→1211.765102；v0方法不一致：原84点按明文同时OLS拟合与v0模型差+25、推荐差11；v0 CSV反拟合显示HP指数≈0.6、Boss份额系数≈0（推断，待Fable核源代码）
82,level_082,2592,1762,1376.5550134147545,1557,False,10,1273,True,False,False,,-0.11634506242905784,pass,"[0.49112654320987653, 0.6797839506172839]",9891697.389786728,0.0,1406,1574,-17,1381.5407662042649,1560,-14,全部数值P*重新OLS拟合（84→92点），HP模型1381.540766→1376.555013；v0方法不一致：原84点按明文同时OLS拟合与v0模型差-24、推荐差-14；v0 CSV反拟合显示HP指数≈0.6、Boss份额系数≈0（推断，待Fable核源代码）
83,level_083,2608,1815,1493.204983382999,1646,False,10,1812,True,True,False,,-0.09311294765840217,pass,"[0.6947852760736196, 0.6959355828220859]",11809471.597791515,0.0,1564,1685,-39,1499.4014135531722,1650,-35,全部数值P*重新OLS拟合（84→92点），HP模型1499.401414→1493.204983；v0方法不一致：原84点按明文同时OLS拟合与v0模型差-65、推荐差-35；v0 CSV反拟合显示HP指数≈0.6、Boss份额系数≈0（推断，待Fable核源代码）
84,level_084,2875,1059,1511.9284929760759,1265,True,9,1025,False,False,False,,0.19452313503305008,pass,"[0.3565217391304348, 0.36834782608695654]",12134460.280699266,0.0,1590,1298,-33,1518.324919467003,1268,-30,全部数值P*重新OLS拟合（84→92点），HP模型1518.324919→1511.928493；v0方法不一致：原84点按明文同时OLS拟合与v0模型差-72、推荐差-30；v0 CSV反拟合显示HP指数≈0.6、Boss份额系数≈0（推断，待Fable核源代码）
85,level_085,3055,2204,2164.382763863868,2184,False,10,1816,True,False,False,,-0.00907441016333943,pass,"[0.5944353518821603, 0.7214402618657938]",13742325.555153925,0.42205374750598645,1713,1943,241,2131.373447460466,2167,224,全部数值P*重新OLS拟合（84→92点），HP模型2131.373447→2164.382764；v0方法不一致：原84点按明文同时OLS拟合与v0模型差+418、推荐差224；v0 CSV反拟合显示HP指数≈0.6、Boss份额系数≈0（推断，待Fable核源代码）
86,level_086,3078,1819,1890.8960870818307,1855,True,9,1814,False,False,False,,0.01979109400769663,pass,"[0.5893437296946069, 0.5909681611435997]",19753240.764951687,0.0,2130,1968,-113,1901.6432236615838,1860,-108,全部数值P*重新OLS拟合（84→92点），HP模型1901.643224→1890.896087；v0方法不一致：原84点按明文同时OLS拟合与v0模型差-228、推荐差-108；v0 CSV反拟合显示HP指数≈0.6、Boss份额系数≈0（推断，待Fable核源代码）
87,level_087,3179,1857,1707.4484660763083,1781,False,10,1815,True,True,False,,-0.040926225094238045,pass,"[0.5709342560553633, 0.58414595784838]",15815548.99662695,0.0,1864,1860,-79,1716.0205654565236,1785,-75,全部数值P*重新OLS拟合（84→92点），HP模型1716.020565→1707.448466；v0方法不一致：原84点按明文同时OLS拟合与v0模型差-148、推荐差-75；v0 CSV反拟合显示HP指数≈0.6、Boss份额系数≈0（推断，待Fable核源代码）
88,level_088,3286,1857,1747.7326487394087,1802,False,10,1817,True,True,False,,-0.029617662897145958,pass,"[0.5529519172245891, 0.5651247717589775]",16639774.989940584,0.0,1922,1889,-87,1756.7717868473903,1806,-83,全部数值P*重新OLS拟合（84→92点），HP模型1756.771787→1747.732649；v0方法不一致：原84点按明文同时OLS拟合与v0模型差-165、推荐差-83；v0 CSV反拟合显示HP指数≈0.6、Boss份额系数≈0（推断，待Fable核源代码）
89,level_089,3390,1994,1775.5879637362139,1882,True,9,1818,True,False,False,,-0.056168505516549616,pass,"[0.536283185840708, 0.5882005899705015]",17222970.962739546,0.0,1962,1978,-96,1784.9536048899092,1887,-91,全部数值P*重新OLS拟合（84→92点），HP模型1784.953605→1775.587964；v0方法不一致：原84点按明文同时OLS拟合与v0模型差-177、推荐差-91；v0 CSV反拟合显示HP指数≈0.6、Boss份额系数≈0（推断，待Fable核源代码）
90,level_090,3720,2583,2929.3994843297482,2751,False,10,2230,False,False,False,,0.06504065040650397,pass,"[0.5994623655913979, 0.6943548387096774]",21485939.813478515,0.5585047758754395,2240,2406,345,2869.970977249691,2723,317,全部数值P*重新OLS拟合（84→92点），HP模型2869.970977→2929.399484；v0方法不一致：原84点按明文同时OLS拟合与v0模型差+630、推荐差317；v0 CSV反拟合显示HP指数≈0.6、Boss份额系数≈0（推断，待Fable核源代码）
91,level_091,3720,996,1530.0134686521117,1234,True,9,951,False,False,False,,0.23895582329317278,pass,"[0.25564516129032255, 0.267741935483871]",12429862.791037347,0.0,1518,1230,4,1534.6059934027974,1236,6,全部数值P*重新OLS拟合（84→92点），HP模型1534.605993→1530.013469；v0方法不一致：原84点按明文同时OLS拟合与v0模型差+17、推荐差6；v0 CSV反拟合显示HP指数≈0.6、Boss份额系数≈0（推断，待Fable核源代码）
92,level_092,3748,1808,1916.927826000718,1862,True,9,1300,False,False,False,,0.02986725663716805,pass,"[0.3468516542155816, 0.4823906083244397]",20312839.896027464,0.0,2039,1920,-58,1925.4857564281758,1866,-54,全部数值P*重新OLS拟合（84→92点），HP模型1925.485756→1916.927826；v0方法不一致：原84点按明文同时OLS拟合与v0模型差-114、推荐差-54；v0 CSV反拟合显示HP指数≈0.6、Boss份额系数≈0（推断，待Fable核源代码）
93,level_093,3874,2266,1818.5754013692363,2030,False,10,1845,True,False,False,,-0.10414827890556044,pass,"[0.4762519359834796, 0.5849251419721219]",18110781.584139198,0.0,1903,2077,-47,1826.0724158515156,2034,-43,全部数值P*重新OLS拟合（84→92点），HP模型1826.072416→1818.575401；v0方法不一致：原84点按明文同时OLS拟合与v0模型差-77、推荐差-43；v0 CSV反拟合显示HP指数≈0.6、Boss份额系数≈0（推断，待Fable核源代码）
94,level_094,3874,1830,1742.3756189215737,1786,True,9,1497,True,False,False,,-0.024043715846994496,pass,"[0.38642230252968507, 0.4723799690242643]",16498281.826085515,0.0,1799,1815,-29,1749.0744784615263,1789,-26,全部数值P*重新OLS拟合（84→92点），HP模型1749.074478→1742.375619；v0方法不一致：原84点按明文同时OLS拟合与v0模型差-50、推荐差-26；v0 CSV反拟合显示HP指数≈0.6、Boss份额系数≈0（推断，待Fable核源代码）
95,level_095,4384,3370,3295.0250204936865,3332,False,10,2720,True,False,False,,-0.011275964391691429,pass,"[0.6204379562043796, 0.7687043795620438]",42669878.17318362,0.28122883199468657,3182,3275,57,3273.2089823383244,3321,46,全部数值P*重新OLS拟合（84→92点），HP模型3273.208982→3295.025020；v0方法不一致：原84点按明文同时OLS拟合与v0模型差+91、推荐差46；v0 CSV反拟合显示HP指数≈0.6、Boss份额系数≈0（推断，待Fable核源代码）
96,level_096,4384,2429,2264.0260697956764,2345,True,9,2249,True,False,False,,-0.03458213256484155,pass,"[0.5130018248175182, 0.5540602189781022]",29189577.088376027,0.0,2534,2481,-136,2276.5813619915652,2352,-129,全部数值P*重新OLS拟合（84→92点），HP模型2276.581362→2264.026070；v0方法不一致：原84点按明文同时OLS拟合与v0模型差-257、推荐差-129；v0 CSV反拟合显示HP指数≈0.6、Boss份额系数≈0（推断，待Fable核源代码）
97,level_097,4713,1863,1832.0694504348598,1847,True,9,1785,True,False,False,,-0.008588298443370945,pass,"[0.3787396562698918, 0.3952896244430299]",18404826.829455595,0.0,1921,1892,-45,1839.7100076847062,1851,-41,全部数值P*重新OLS拟合（84→92点），HP模型1839.710008→1832.069450；v0方法不一致：原84点按明文同时OLS拟合与v0模型差-81、推荐差-41；v0 CSV反拟合显示HP指数≈0.6、Boss份额系数≈0（推断，待Fable核源代码）
98,level_098,4718,2720,1884.3628909145004,2264,False,10,2432,True,True,False,,-0.16764705882352937,pass,"[0.5154726579058924, 0.5765154726579059]",19568587.305356067,0.0,1993,2329,-65,1892.5658105069738,2269,-60,全部数值P*重新OLS拟合（84→92点），HP模型1892.565811→1884.362891；v0方法不一致：原84点按明文同时OLS拟合与v0模型差-100、推荐差-60；v0 CSV反拟合显示HP指数≈0.6、Boss份额系数≈0（推断，待Fable核源代码）
99,level_099,5000,2720,3520.108979973719,3094,True,9,2432,False,False,False,,0.13749999999999996,pass,"[0.4864, 0.544]",29969143.505697634,0.6006177652884174,2574,2646,448,3440.7733651101557,3059,413,全部数值P*重新OLS拟合（84→92点），HP模型3440.773365→3520.108980；v0方法不一致：原84点按明文同时OLS拟合与v0模型差+867、推荐差413；v0 CSV反拟合显示HP指数≈0.6、Boss份额系数≈0（推断，待Fable核源代码）
