level,old_K,new_K,delta_K,old_speed,old_breach,old_mechanic,new_speed,new_breach,new_mechanic
1,1.25,1.25,0.0,0.2,0.4,0.4,0.2,0.4,0.4
2,1.2501016105268505,1.2501016105268505,0.0,0.2,0.4,0.4,0.2,0.4,0.4
3,1.2504013615810599,1.2504013615810599,0.0,0.2,0.4,0.4,0.2,0.4,0.4
4,1.2508916323731138,1.2508916323731138,0.0,0.2,0.4,0.4,0.2,0.4,0.4
5,1.2515648021134989,1.2515648021134989,0.0,0.2,0.4,0.4,0.2,0.4,0.4
6,1.2524132500127014,1.2524132500127014,0.0,0.2,0.4,0.4,0.2,0.4,0.4
7,1.2534293552812072,1.2534293552812072,0.0,0.2,0.4,0.4,0.2,0.4,0.4
8,1.2546054971295026,1.2546054971295026,0.0,0.2,0.4,0.4,0.2,0.4,0.4
9,1.255934054768074,1.255934054768074,0.0,0.2,0.4,0.4,0.2,0.4,0.4
10,1.2574074074074073,1.2574074074074073,0.0,0.2,0.4,0.4,0.2,0.4,0.4
11,1.2590179342579892,1.2590179342579892,0.0,0.2,0.4,0.4,0.2,0.4,0.4
12,1.2607580145303054,1.2607580145303054,0.0,0.2,0.4,0.4,0.2,0.4,0.4
13,1.2626200274348423,1.2626200274348423,0.0,0.2,0.4,0.4,0.2,0.4,0.4
14,1.264596352182086,1.264596352182086,0.0,0.2,0.4,0.4,0.2,0.4,0.4
15,1.266679367982523,1.266679367982523,0.0,0.2,0.4,0.4,0.2,0.4,0.4
16,1.2688614540466392,1.2688614540466392,0.0,0.2,0.4,0.4,0.2,0.4,0.4
17,1.271134989584921,1.271134989584921,0.0,0.2,0.4,0.4,0.2,0.4,0.4
18,1.2734923538078544,1.2734923538078544,0.0,0.2,0.4,0.4,0.2,0.4,0.4
19,1.275925925925926,1.275925925925926,0.0,0.2,0.4,0.4,0.2,0.4,0.4
20,1.2784280851496215,1.2784280851496215,0.0,0.2,0.4,0.4,0.2,0.4,0.4
21,1.2809912106894275,1.2809912106894275,0.0,0.2,0.4,0.4,0.2,0.4,0.4
22,1.28360768175583,1.28360768175583,0.0,0.2,0.4,0.4,0.2,0.4,0.4
23,1.286269877559315,1.286269877559315,0.0,0.2,0.4,0.4,0.2,0.4,0.4
24,1.2889701773103694,1.2889701773103694,0.0,0.2,0.4,0.4,0.2,0.4,0.4
25,1.2917009602194787,1.2917009602194787,0.0,0.2,0.4,0.4,0.2,0.4,0.4
26,1.2944546054971295,1.2944546054971295,0.0,0.2,0.4,0.4,0.2,0.4,0.4
27,1.297223492353808,1.297223492353808,0.0,0.2,0.4,0.4,0.2,0.4,0.4
28,1.3,1.3,0.0,0.2,0.4,0.4,0.2,0.4,0.4
29,1.3027765076461921,1.3027765076461921,0.0,0.2,0.4,0.4,0.2,0.4,0.4
30,1.3055453945028705,1.3055453945028705,0.0,0.2,0.4,0.4,0.2,0.4,0.4
31,1.3082990397805214,1.3082990397805214,0.0,0.2,0.4,0.4,0.2,0.4,0.4
32,1.3110298226896306,1.3110298226896306,0.0,0.2,0.4,0.4,0.2,0.4,0.4
33,1.313730122440685,1.313730122440685,0.0,0.2,0.4,0.4,0.2,0.4,0.4
34,1.3163923182441701,1.3163923182441701,0.0,0.2,0.4,0.4,0.2,0.4,0.4
35,1.3190087893105726,1.3190087893105726,0.0,0.2,0.4,0.4,0.2,0.4,0.4
36,1.3215719148503786,1.3215719148503786,0.0,0.2,0.4,0.4,0.2,0.4,0.4
37,1.3240740740740742,1.3240740740740742,0.0,0.2,0.4,0.4,0.2,0.4,0.4
38,1.3265076461921457,1.3265076461921457,0.0,0.2,0.4,0.4,0.2,0.4,0.4
39,1.328865010415079,1.328865010415079,0.0,0.2,0.4,0.4,0.2,0.4,0.4
40,1.331138545953361,1.331138545953361,0.0,0.2,0.4,0.4,0.2,0.4,0.4
41,1.333320632017477,1.333320632017477,0.0,0.2,0.4,0.4,0.2,0.4,0.4
42,1.335403647817914,1.335403647817914,0.0,0.2,0.4,0.4,0.2,0.4,0.4
43,1.3373799725651578,1.3373799725651578,0.0,0.2,0.4,0.4,0.2,0.4,0.4
44,1.3392419854696946,1.3392419854696946,0.0,0.2,0.4,0.4,0.2,0.4,0.4
45,1.3409820657420108,1.3409820657420108,0.0,0.2,0.4,0.4,0.2,0.4,0.4
46,1.3425925925925926,1.3425925925925926,0.0,0.2,0.4,0.4,0.2,0.4,0.4
47,1.3440659452319261,1.3440659452319261,0.0,0.2,0.4,0.4,0.2,0.4,0.4
48,1.3453945028704974,1.3453945028704974,0.0,0.2,0.4,0.4,0.2,0.4,0.4
49,1.3465706447187928,1.3465706447187928,0.0,0.2,0.4,0.4,0.2,0.4,0.4
50,1.3475867499872989,1.3475867499872989,0.0,0.2,0.4,0.4,0.2,0.4,0.4
51,1.348435197886501,1.348435197886501,0.0,0.2,0.4,0.4,0.2,0.4,0.4
52,1.3491083676268862,1.3491083676268862,0.0,0.2,0.4,0.4,0.2,0.4,0.4
53,1.3495986384189402,1.3495986384189402,0.0,0.2,0.4,0.4,0.2,0.4,0.4
54,1.3498983894731496,1.3498983894731496,0.0,0.2,0.4,0.4,0.2,0.4,0.4
55,1.35,1.35,0.0,0.2,0.4,0.4,0.2,0.4,0.4
56,1.3968,1.3968,0.0,0.2,0.4,0.4,0.2,0.4,0.4
57,1.5084000000000002,1.5084000000000002,0.0,0.2,0.4,0.4,0.2,0.4,0.4
58,1.6416,1.6416,0.0,0.2,0.4,0.4,0.2,0.4,0.4
59,1.7532,1.7532,0.0,0.2,0.4,0.4,0.2,0.4,0.4
60,1.8,1.8,0.0,0.2,0.4,0.4,0.2,0.4,0.4
61,1.9248,2.12,0.19520000000000004,0.26,0.37,0.37,0.18,0.35000000000000003,0.47000000000000003
62,2.2224000000000004,2.44,0.21759999999999957,0.32000000000000006,0.34,0.34,0.16,0.30000000000000004,0.54
63,2.5776,2.6525,0.07489999999999997,0.38,0.31,0.31,0.14,0.25,0.61
64,2.8752000000000004,3.12,0.24479999999999968,0.44000000000000006,0.28,0.28,0.12,0.2,0.6799999999999999
65,3.0,3.5875,0.5874999999999999,0.5,0.25,0.25,0.1,0.15000000000000002,0.75
66,3.104,3.8,0.6959999999999997,0.56,0.22,0.22,0.22,0.18,0.6
67,3.3520000000000003,4.01875,0.6667499999999995,0.6200000000000001,0.19,0.19,0.33999999999999997,0.21,0.44999999999999996
68,3.6479999999999997,4.5,0.8520000000000003,0.6800000000000002,0.15999999999999998,0.15999999999999998,0.45999999999999996,0.24,0.30000000000000004
69,3.896,4.98125,1.0852500000000003,0.7400000000000002,0.12999999999999995,0.12999999999999995,0.58,0.27,0.1499999999999999
70,4.0,5.2,1.2000000000000002,0.8,0.09999999999999998,0.09999999999999998,0.7,0.3,0.0
71,4.0056,5.2028,1.1971999999999996,0.09999999999999998,0.44999999999999996,0.44999999999999996,0.09999999999999998,0.45,0.45
72,4.0208,5.2104,1.1895999999999995,0.1,0.45,0.45,0.1,0.45,0.45
73,4.0432,5.2216000000000005,1.1784000000000008,0.1,0.45,0.45,0.1,0.45,0.45
74,4.0704,5.2352,1.1647999999999996,0.1,0.45,0.45,0.1,0.45,0.45
75,4.1,5.25,1.1500000000000004,0.1,0.45,0.45,0.1,0.45,0.45
76,4.1296,5.2648,1.1352000000000002,0.1,0.45,0.45,0.1,0.45,0.45
77,4.1568000000000005,5.2783999999999995,1.121599999999999,0.1,0.45,0.45,0.1,0.45,0.45
78,4.1792,5.2896,1.1104000000000003,0.1,0.45,0.45,0.1,0.45,0.45
79,4.1944,5.2972,1.1028000000000002,0.1,0.45,0.45,0.1,0.45,0.45
80,4.2,5.3,1.0999999999999996,0.1,0.45,0.45,0.1,0.45,0.45
81,4.2196,5.37,1.1504000000000003,0.0,0.8,0.2,0.0,0.9,0.10000000000000003
82,4.2728,5.56,1.2871999999999995,0.0,0.8,0.2,0.05555555555555555,0.8555555555555556,0.08888888888888889
83,4.3512,5.84,1.4887999999999995,0.0,0.8,0.2,0.1111111111111111,0.8111111111111111,0.07777777777777778
84,4.446400000000001,6.18,1.7335999999999991,0.0,0.8,0.2,0.16666666666666666,0.7666666666666667,0.06666666666666668
85,4.550000000000001,6.55,1.9999999999999991,0.0,0.8,0.2,0.2222222222222222,0.7222222222222222,0.05555555555555556
86,4.6536,6.92,2.2664,0.0,0.8,0.2,0.2777777777777778,0.6777777777777778,0.044444444444444446
87,4.7488,7.26,2.5111999999999997,0.0,0.8,0.2,0.3333333333333333,0.6333333333333333,0.03333333333333334
88,4.8272,7.54,2.7127999999999997,0.0,0.8,0.2,0.3888888888888889,0.5888888888888889,0.022222222222222227
89,4.8804,7.7299999999999995,2.8495999999999997,0.0,0.8,0.2,0.4444444444444444,0.5444444444444445,0.011111111111111113
90,4.9,7.8,2.8999999999999995,0.0,0.8,0.2,0.5,0.5,0.0
91,4.903429355281207,7.806858710562414,2.903429355281207,0.9,0.050000000000000044,0.04999999999999999,0.9,0.04999999999999999,0.05
92,4.912620027434842,7.825240054869685,2.9126200274348424,0.9125,0.043750000000000004,0.043750000000000004,0.9125,0.043750000000000004,0.043750000000000004
93,4.9259259259259265,7.851851851851852,2.9259259259259256,0.925,0.037500000000000006,0.037500000000000006,0.925,0.037500000000000006,0.037500000000000006
94,4.941700960219479,7.883401920438957,2.941700960219478,0.9375,0.03125,0.03125,0.9375,0.03125,0.03125
95,4.958299039780521,7.916598079561043,2.9582990397805213,0.95,0.025,0.025,0.95,0.025,0.025
96,4.974074074074074,7.948148148148148,2.974074074074074,0.9625,0.018750000000000003,0.018750000000000003,0.9625,0.018750000000000003,0.018750000000000003
97,4.987379972565158,7.974759945130315,2.987379972565157,0.975,0.012499999999999997,0.012499999999999997,0.975,0.012499999999999997,0.012499999999999997
98,4.996570644718793,7.9931412894375855,2.9965706447187923,0.9875,0.006249999999999999,0.006249999999999999,0.9875,0.006249999999999999,0.006249999999999999
99,5.0,8.0,3.0,1.0,0.0,0.0,1.0,0.0,0.0
